County,Trap State,Lat,Long,Band #,Age,Sex,Release Date
Anderson,Missouri,32.052996,-95.5328835,8207,A,M,1/23/2014
Anderson,Missouri,32.052996,-95.5328835,8209,J,F,1/23/2014
Anderson,Missouri,32.052996,-95.5328835,8210,J,F,1/24/2014
Anderson,Missouri,32.052996,-95.5328835,8211,J,F,1/23/2014
Anderson,Missouri,32.052996,-95.5328835,8212,J,F,1/23/2014
Anderson,Missouri,32.052996,-95.5328835,8213,A,F,1/23/2014
Anderson,Missouri,32.052996,-95.5328835,8214,J,F,1/23/2014
Anderson,Alabama,31.581582,-95.5243921,8236,A,M,2/26/2014
Anderson,Alabama,31.581582,-95.5243921,8237,A,M,2/26/2014
Anderson,Alabama,31.581582,-95.5243921,8238,A,F,2/26/2014
Anderson,Alabama,32.052996,-95.5328835,8239,A,F,2/26/2014
Anderson,Alabama,31.581582,-95.5243921,8240,A,F,2/26/2014
Anderson,Alabama,32.052996,-95.5328835,8241,A,F,2/26/2014
Anderson,Alabama,31.581582,-95.5243921,8242,A,F,2/26/2014
Anderson,Alabama,31.581582,-95.5243921,8243,A,F,2/26/2014
Anderson,Alabama,32.052996,-95.5328835,8244,A,M,3/13/2014
Anderson,Alabama,32.052996,-95.5328835,8245,A,M,3/13/2014
Anderson,Alabama,32.052996,-95.5328835,8246,A,M,3/13/2014
Anderson,Alabama,32.052996,-95.5328835,8247,A,M,3/13/2014
Anderson,Alabama,32.052996,-95.5328835,8248,A,F,3/13/2014
Anderson,Tennessee,32.052996,-95.5328835,8301,J,M,2/27/2014
Anderson,Tennessee,32.052996,-95.5328835,8302,A,F,2/27/2014
Anderson,Tennessee,32.052996,-95.5328835,8303,A,F,2/27/2014
Anderson,Tennessee,32.052996,-95.5328835,8304,A,F,2/27/2014
Anderson,Tennessee,32.052996,-95.5328835,8305,A,F,2/27/2014
Anderson,Tennessee,32.052996,-95.5328835,8306,A,F,2/27/2014
Anderson,Tennessee,32.052996,-95.5328835,8307,J,F,2/27/2014
Anderson,Tennessee,32.052996,-95.5328835,8308,J,M,2/27/2014
Anderson,Tennessee,32.052996,-95.5328835,8309,A,F,2/27/2014
Anderson,Tennessee,32.052996,-95.5328835,8310,A,F,2/27/2014
Anderson,Tennessee,32.052996,-95.5328835,8311,A,F,2/27/2014
Anderson,Tennessee,32.052996,-95.5328835,8312,A,F,2/27/2014
Anderson,Tennessee,32.052996,-95.5328835,8314,A,F,2/27/2014
Anderson,Tennessee,31.581582,-95.5243921,8351,A,F,2/5/2014
Anderson,Tennessee,31.581582,-95.5243921,8352,J,F,2/5/2014
Anderson,Tennessee,31.581582,-95.5243921,8353,A,F,2/5/2014
Anderson,Tennessee,31.581582,-95.5243921,8354,A,F,2/5/2014
Anderson,Tennessee,31.581582,-95.5243921,8355,A,F,2/5/2014
Anderson,Tennessee,31.581582,-95.5243921,8356,A,F,2/5/2014
Anderson,Tennessee,31.581582,-95.5243921,8357,J,F,2/5/2014
Anderson,Tennessee,31.581582,-95.5243921,8358,A,F,2/5/2014
Anderson,Tennessee,31.581582,-95.5243921,8359,A,F,2/5/2014
Anderson,Tennessee,31.581582,-95.5243921,8360,A,F,2/5/2014
Anderson,Tennessee,31.581582,-95.5243921,8361,A,F,2/5/2014
Anderson,Tennessee,31.581582,-95.5243921,8362,J,F,2/5/2014
Anderson,Tennessee,31.581582,-95.5243921,8363,A,F,2/5/2014
Anderson,Tennessee,31.581582,-95.5243921,8364,A,F,2/5/2014
Anderson,Tennessee,31.581582,-95.5243921,8365,A,F,2/5/2014
Anderson,Tennessee,31.581582,-95.5243921,8366,A,F,2/5/2014
Anderson,Tennessee,31.581582,-95.5243921,8367,A,F,2/5/2014
Anderson,Tennessee,31.581582,-95.5243921,8368,A,F,2/5/2014
Anderson,Tennessee,32.052996,-95.5328835,8369,A,F,2/12/2014
Anderson,Tennessee,32.052996,-95.5328835,8370,A,F,2/12/2014
Anderson,Tennessee,32.052996,-95.5328835,8371,J,M,2/12/2014
Anderson,Tennessee,32.052996,-95.5328835,8372,A,F,2/12/2014
Anderson,Tennessee,31.581582,-95.5243921,8373,A,M,2/12/2014
Anderson,Tennessee,31.581582,-95.5243921,8374,A,M,2/12/2014
Anderson,Tennessee,31.581582,-95.5243921,8376,A,M,2/12/2014
Anderson,Tennessee,32.052996,-95.5328835,8377,A,F,2/12/2014
Anderson,Tennessee,31.581582,-95.5243921,8379,A,M,2/12/2014
Anderson,Tennessee,31.581582,-95.5243921,8380,A,M,2/12/2014
Anderson,Tennessee,32.052996,-95.5328835,8381,J,M,2/12/2014
Anderson,Tennessee,31.581582,-95.5243921,8383,J,F,2/12/2014
Anderson,Tennessee,32.052996,-95.5328835,8384,J,M,2/12/2014
Anderson,Tennessee,32.052996,-95.5328835,8385,A,M,2/12/2014
Anderson,Tennessee,32.052996,-95.5328835,8386,J,M,2/12/2014
Anderson,Tennessee,32.052996,-95.5328835,8387,J,F,2/12/2014
Anderson,Tennessee,32.052996,-95.5328835,8388,J,M,2/12/2014
Anderson,Tennessee,31.581582,-95.5243921,8389,J,F,2/12/2014
Anderson,West Virginia,31.581582,-95.5243921,8475,A,F,2/26/2014
Anderson,West Virginia,31.581582,-95.5243921,8476,A,M,2/26/2014
Anderson,West Virginia,31.581582,-95.5243921,8479,J,M,2/6/2014
Anderson,West Virginia,31.581582,-95.5243921,8481,A,F,2/26/2014
Anderson,West Virginia,31.581582,-95.5243921,8482,J,F,2/26/2014
Anderson,West Virginia,31.581582,-95.5243921,8483,J,F,2/26/2014
Anderson,West Virginia,31.581582,-95.5243921,8484,J,F,2/26/2014
Anderson,Tennessee,32.052996,-95.5328835,8630,A,F,3/11/2014
Anderson,Tennessee,32.052996,-95.5328835,8662,A,F,3/11/2014
Anderson,Tennessee,32.052996,-95.5328835,8668,A,F,3/11/2014
Anderson,Tennessee,32.052996,-95.5328835,8672,A,F,3/11/2014
Anderson,Tennessee,32.052996,-95.5328835,8673,A,F,3/11/2014
Anderson,Tennessee,31.581582,-95.5243921,8683,A,F,2/24/2014
Anderson,Tennessee,32.052996,-95.5328835,8691,A,F,3/11/2014
Henderson,Texas,32.031259,-95.531289,8853,A,F,1/31/2018
Henderson,Texas,32.031259,-95.531289,8854,A,F,1/31/2018
Henderson,Texas,32.031259,-95.531289,8855,A,F,1/31/2018
Henderson,Texas,32.031259,-95.531289,8856,A,M,1/31/2018
Henderson,Texas,32.031259,-95.531289,8857,A,M,1/31/2018
Henderson,Texas,32.031259,-95.531289,8858,A,F,1/31/2018
Henderson,Texas,32.031259,-95.531289,8859,A,M,1/31/2018
Henderson,Texas,32.031259,-95.531289,8860,A,F,1/31/2018
Henderson,Texas,32.031259,-95.531289,8861,A,M,1/31/2018
Henderson,Texas,32.031259,-95.531289,8862,A,F,1/31/2018
Henderson,Texas,32.031259,-95.531289,8863,A,M,1/31/2018
Henderson,Texas,32.031259,-95.531289,8864,A,F,1/31/2018
Anderson,Kansas,32.052996,-95.5328835,9201,J,F,2/12/2014
Anderson,Kansas,31.581582,-95.5243921,9202,A,F,2/12/2014
Anderson,Kansas,32.052996,-95.5328835,9203,J,F,2/12/2014
Anderson,Kansas,31.581582,-95.5243921,9204,A,F,2/12/2014
Anderson,Kansas,32.052996,-95.5328835,9205,J,F,2/12/2014
Anderson,Kansas,32.052996,-95.5328835,9206,J,F,2/12/2014
Anderson,Kansas,31.581582,-95.5243921,9207,J,F,2/12/2014
Anderson,Kansas,31.581582,-95.5243921,9208,A,F,2/12/2014
Anderson,Kansas,31.581582,-95.5243921,9209,A,F,2/12/2014
Anderson,Kansas,32.052996,-95.5328835,9210,A,F,2/12/2014
Anderson,Kansas,32.052996,-95.5328835,9211,A,F,2/12/2014
Anderson,Kansas,32.052996,-95.5328835,9212,A,F,2/12/2014
Anderson,Kansas,31.581582,-95.5243921,9213,J,F,2/12/2014
Anderson,Kansas,32.052996,-95.5328835,9214,J,F,2/12/2014
Anderson,Kansas,31.581582,-95.5243921,9215,J,F,2/12/2014
Anderson,Kansas,31.581582,-95.5243921,9216,A,F,2/12/2014
Anderson,Kansas,31.581582,-95.5243921,9217,J,F,2/12/2014
Anderson,Kansas,32.052996,-95.5328835,9218,A,F,2/12/2014
Anderson,Kansas,32.052996,-95.5328835,9219,A,F,2/12/2014
Anderson,Kansas,32.052996,-95.5328835,9220,A,F,2/12/2014
Anderson,Kansas,32.052996,-95.5328835,9221,A,F,2/12/2014
Anderson,Kansas,32.052996,-95.5328835,9222,A,F,2/12/2014
Anderson,Kansas,31.581582,-95.5243921,9223,J,F,2/12/2014
Anderson,Kansas,32.052996,-95.5328835,9224,A,F,2/12/2014
Anderson,Kansas,32.052996,-95.5328835,9225,J,F,2/12/2014
Anderson,Kansas,31.581582,-95.5243921,9226,J,F,2/12/2014
Anderson,Kansas,31.581582,-95.5243921,9227,J,F,2/12/2014
Anderson,Kansas,32.052996,-95.5328835,9228,A,F,2/12/2014
Anderson,Kansas,31.581582,-95.5243921,9229,A,F,2/12/2014
Anderson,Kansas,31.581582,-95.5243921,9230,A,F,2/12/2014
Anderson,Kansas,31.581582,-95.5243921,9231,J,F,2/12/2014
Anderson,Kansas,32.052996,-95.5328835,9232,J,F,2/12/2014
Anderson,Kansas,31.581582,-95.5243921,9233,A,F,2/12/2014
Anderson,Kansas,32.052996,-95.5328835,9234,A,F,2/12/2014
Anderson,Kansas,32.052996,-95.5328835,9235,J,F,2/12/2014
Anderson,Kansas,32.052996,-95.5328835,9236,J,F,2/12/2014
Anderson,Kansas,32.052996,-95.5328835,9237,A,F,2/12/2014
Anderson,Kansas,32.052996,-95.5328835,9238,J,F,2/12/2014
Anderson,Kansas,32.052996,-95.5328835,9239,J,F,2/12/2014
Anderson,Kansas,32.052996,-95.5328835,9240,J,F,2/12/2014
Anderson,Kansas,31.581582,-95.5243921,9241,J,F,2/12/2014
Anderson,Kansas,31.581582,-95.5243921,9242,J,F,2/12/2014
Anderson,Kansas,31.581582,-95.5243921,9243,J,F,2/12/2014
Anderson,Kansas,32.052996,-95.5328835,9244,A,F,2/12/2014
Anderson,Kansas,31.581582,-95.5243921,9245,J,F,2/12/2014
Anderson,Kansas,32.052996,-95.5328835,9246,A,F,2/12/2014
Anderson,Kansas,32.052996,-95.5328835,9247,J,F,2/12/2014
Anderson,Kansas,31.581582,-95.5243921,9248,J,F,2/12/2014
Anderson,Kansas,32.052996,-95.5328835,9249,J,F,2/12/2014
Anderson,Kansas,31.581582,-95.5243921,9250,J,F,2/12/2014
Anderson,Missouri,32.052996,-95.5328835,9251,A,M,1/23/2014
Anderson,Missouri,32.052996,-95.5328835,9252,A,M,1/23/2014
Anderson,Missouri,32.052996,-95.5328835,9253,A,M,1/23/2014
Cherokee,Missouri,31.3810338,-95.1631811,9279,J,F,2/22/2016
Cherokee,Missouri,31.3810338,-95.1631811,9280,A,F,2/22/2016
Cherokee,Missouri,31.3810338,-95.1631811,9281,A,F,2/22/2016
Cherokee,Missouri,31.3810338,-95.1631811,9282,A,F,2/22/2016
Anderson,Missouri,32.052996,-95.5328835,9305,J,F,2/13/2014
Anderson,Missouri,31.581582,-95.5243921,9307,J,F,2/13/2014
Anderson,Missouri,31.581582,-95.5243921,9308,J,F,2/13/2014
Anderson,Missouri,31.581582,-95.5243921,9310,J,F,2/13/2014
Anderson,Missouri,32.052996,-95.5328835,9312,J,F,2/13/2014
Anderson,Missouri,32.052996,-95.5328835,9320,J,M,2/13/2014
Anderson,Missouri,32.052996,-95.5328835,9321,J,F,2/13/2014
Anderson,Missouri,31.581582,-95.5243921,9325,J,F,2/13/2014
Anderson,Missouri,31.581582,-95.5243921,9328,J,M,2/5/2014
Anderson,Missouri,31.581582,-95.5243921,9329,J,M,2/5/2014
Anderson,Missouri,31.581582,-95.5243921,9330,J,M,2/5/2014
Anderson,Missouri,31.581582,-95.5243921,9331,J,M,2/5/2014
Anderson,Missouri,31.581582,-95.5243921,9332,J,M,2/5/2014
Anderson,Missouri,31.581582,-95.5243921,9333,J,M,2/5/2014
Anderson,Missouri,31.581582,-95.5243921,9334,J,M,2/5/2014
Anderson,Missouri,31.581582,-95.5243921,9335,J,M,2/5/2014
Anderson,South Carolina,32.052996,-95.5328835,9365,A,F,2/20/2014
Anderson,South Carolina,31.581582,-95.5243921,9366,A,F,2/20/2014
Anderson,South Carolina,31.581582,-95.5243921,9367,A,F,2/20/2014
Anderson,South Carolina,31.581582,-95.5243921,9369,A,F,2/20/2014
Anderson,South Carolina,32.052996,-95.5328835,9370,A,F,2/20/2014
Anderson,South Carolina,32.052996,-95.5328835,9371,A,F,2/20/2014
Anderson,South Carolina,31.581582,-95.5243921,9372,A,F,2/20/2014
Anderson,South Carolina,31.581582,-95.5243921,9373,A,F,2/20/2014
Anderson,South Carolina,31.581582,-95.5243921,9374,A,F,2/20/2014
Anderson,South Carolina,32.052996,-95.5328835,9375,A,F,2/20/2014
Henderson,West Virginia,32.031259,-95.531289,9518,J,F,2/6/2019
Henderson,West Virginia,32.031259,-95.531289,9519,J,F,2/6/2019
Henderson,West Virginia,32.031259,-95.531289,9520,J,F,2/6/2019
Cherokee,West Virginia,31.3810338,-95.1631811,9521,A,M,2/24/2016
Cherokee,West Virginia,31.3810338,-95.1631811,9522,A,M,2/24/2016
Cherokee,West Virginia,31.3810338,-95.1631811,9523,A,M,2/24/2016
Cherokee,West Virginia,31.3810338,-95.1631811,9524,A,M,2/24/2016
Cherokee,West Virginia,31.3810338,-95.1631811,9525,A,F,3/3/2016
Cherokee,West Virginia,31.3810338,-95.1631811,9526,A,F,3/3/2016
Cherokee,West Virginia,31.3810338,-95.1631811,9527,A,F,3/3/2016
Cherokee,West Virginia,31.3810338,-95.1631811,9528,J,F,3/3/2016
Cherokee,West Virginia,31.3810338,-95.1631811,9529,J,M,3/3/2016
Cherokee,West Virginia,31.3810338,-95.1631811,9530,A,F,3/3/2016
Cherokee,West Virginia,31.3810338,-95.1631811,9531,A,F,3/3/2016
Anderson,West Virginia,31.5928599,-95.374644,9532,J,M,2/1/2017
Anderson,West Virginia,31.5928599,-95.374644,9533,J,M,2/1/2017
Anderson,West Virginia,31.5928599,-95.374644,9534,J,M,2/1/2017
Anderson,West Virginia,31.5928599,-95.374644,9535,J,M,2/1/2017
Anderson,West Virginia,31.5928599,-95.374644,9536,J,M,2/1/2017
Anderson,West Virginia,31.5928599,-95.374644,9538,A,F,2/17/2017
Anderson,West Virginia,31.5928599,-95.374644,9539,A,F,2/17/2017
Anderson,West Virginia,31.5928599,-95.374644,9540,A,F,2/17/2017
Anderson,West Virginia,31.5928599,-95.374644,9541,A,F,2/17/2017
Anderson,West Virginia,31.5928599,-95.374644,9542,A,F,2/17/2017
Anderson,West Virginia,31.5928599,-95.374644,9543,A,F,2/17/2017
Anderson,West Virginia,31.5928599,-95.374644,9544,A,F,2/17/2017
Anderson,West Virginia,31.5928599,-95.374644,9545,A,F,2/17/2017
Anderson,West Virginia,31.5928599,-95.374644,9546,A,F,2/17/2017
Anderson,West Virginia,31.5928599,-95.374644,9547,A,F,2/17/2017
Anderson,Iowa,31.5928599,-95.374644,9620,J,M,2/1/2017
Anderson,Iowa,31.5928599,-95.374644,9621,J,M,2/1/2017
Anderson,Iowa,31.5928599,-95.374644,9622,J,M,2/1/2017
Anderson,Iowa,31.5928599,-95.374644,9623,J,M,2/1/2017
Cherokee,Tennessee,31.3810338,-95.1631811,9651,A,F,3/2/2016
Cherokee,Tennessee,31.3810338,-95.1631811,9652,J,F,3/2/2016
Cherokee,Tennessee,31.3810338,-95.1631811,9653,J,F,3/2/2016
Cherokee,Tennessee,31.3810338,-95.1631811,9654,A,F,3/2/2016
Cherokee,Tennessee,31.3810338,-95.1631811,9655,J,F,3/2/2016
Cherokee,Tennessee,31.3810338,-95.1631811,9656,J,M,3/2/2016
Cherokee,Tennessee,31.3810338,-95.1631811,9657,A,F,3/2/2016
Cherokee,Tennessee,31.3810338,-95.1631811,9658,J,M,3/2/2016
Cherokee,Tennessee,31.3810338,-95.1631811,9659,J,F,3/2/2016
Cherokee,Tennessee,31.3810338,-95.1631811,9660,A,F,3/2/2016
Cherokee,Tennessee,31.3810338,-95.1631811,9660,A,F,3/2/2016
Cherokee,Tennessee,31.3810338,-95.1631811,9661,J,M,3/2/2016
Cherokee,Tennessee,31.3810338,-95.1631811,9662,J,F,3/2/2016
Cherokee,Tennessee,31.3810338,-95.1631811,9663,J,F,3/2/2016
Cherokee,Tennessee,31.3810338,-95.1631811,9664,J,F,3/2/2016
Cherokee,Tennessee,31.3810338,-95.1631811,9665,A,F,3/2/2016
Cherokee,Tennessee,31.3810338,-95.1631811,9666,J,F,3/2/2016
Cherokee,Tennessee,31.3810338,-95.1631811,9667,J,F,3/2/2016
Cherokee,Tennessee,31.3810338,-95.1631811,9668,J,F,3/2/2016
Cherokee,Tennessee,31.3810338,-95.1631811,9669,J,F,3/2/2016
Cherokee,Tennessee,31.3810338,-95.1631811,9671,J,F,3/2/2016
Cherokee,Tennessee,31.3810338,-95.1631811,9672,J,F,3/2/2016
Cherokee,Tennessee,31.3810338,-95.1631811,9673,A,F,3/2/2016
Cherokee,Tennessee,31.3810338,-95.1631811,9674,J,F,3/2/2016
Cherokee,Tennessee,31.3810338,-95.1631811,9675,J,F,3/2/2016
Cherokee,Tennessee,31.3810338,-95.1631811,9676,J,F,3/2/2016
Cherokee,Tennessee,31.3810338,-95.1631811,9677,J,F,3/2/2016
Cherokee,Tennessee,31.3810338,-95.1631811,9678,J,F,3/2/2016
Cherokee,Tennessee,31.3810338,-95.1631811,9679,J,F,3/2/2016
Cherokee,Tennessee,31.3810338,-95.1631811,9680,A,F,3/2/2016
Cherokee,Tennessee,31.3810338,-95.1631811,9681,J,F,3/2/2016
Anderson,Texas,31.581718,-95.532047,9901,A,F,1/31/2018
Anderson,Texas,31.581718,-95.532047,9902,A,F,1/31/2018
Anderson,Texas,31.581718,-95.532047,9903,A,F,1/31/2018
Anderson,Texas,31.581718,-95.532047,9904,A,F,1/31/2018
Anderson,Texas,31.581718,-95.532047,9905,A,F,1/31/2018
Anderson,Texas,31.581718,-95.532047,9906,A,F,1/31/2018
Anderson,Texas,31.581718,-95.532047,9907,A,F,1/31/2018
Anderson,Texas,31.581718,-95.532047,9908,A,F,1/31/2018
Anderson,Texas,31.581718,-95.532047,9909,A,F,1/31/2018
Anderson,Texas,31.581718,-95.532047,9910,A,F,1/31/2018
Anderson,Texas,31.581718,-95.532047,9911,A,F,1/31/2018
Anderson,Texas,31.581718,-95.532047,9912,A,F,1/31/2018
Anderson,Texas,31.581718,-95.532047,9913,A,F,1/31/2018
Anderson,Texas,31.581718,-95.532047,9914,A,F,1/31/2018
Anderson,Texas,31.581718,-95.532047,9915,A,F,1/31/2018
Anderson,Texas,31.581718,-95.532047,9916,A,F,1/31/2018
Anderson,Texas,31.581718,-95.532047,9917,A,F,1/31/2018
Anderson,Texas,31.581718,-95.532047,9918,A,F,1/31/2018
Anderson,Texas,31.581718,-95.532047,9919,A,F,1/31/2018
Anderson,Texas,31.581718,-95.532047,9920,A,F,1/31/2018
Anderson,Texas,31.581718,-95.532047,9921,A,F,1/31/2018
Anderson,Texas,31.581718,-95.532047,9922,A,F,1/31/2018
Anderson,Texas,31.581718,-95.532047,9923,A,F,1/31/2018
Anderson,Texas,31.581718,-95.532047,9924,A,M,1/31/2018
Anderson,Texas,31.581718,-95.532047,9925,A,F,1/31/2018
Anderson,Texas,31.581718,-95.532047,9926,A,F,1/31/2018
Anderson,Texas,31.581718,-95.532047,9927,A,F,1/31/2018
Anderson,Texas,31.581718,-95.532047,9928,A,F,1/31/2018
Anderson,Texas,31.581718,-95.532047,9929,A,F,1/31/2018
Anderson,Texas,31.581718,-95.532047,9930,A,F,1/31/2018
Anderson,Texas,31.581718,-95.532047,9931,J,F,1/31/2018
Anderson,Texas,31.581718,-95.532047,9932,A,F,1/31/2018
Anderson,Texas,31.581718,-95.532047,9933,A,F,1/31/2018
Anderson,Texas,31.581718,-95.532047,9934,J,M,1/31/2018
Anderson,Texas,31.581718,-95.532047,9935,A,F,1/31/2018
Anderson,Texas,31.581718,-95.532047,9936,A,F,1/31/2018
Anderson,Texas,31.581718,-95.532047,9937,A,F,1/31/2018
Anderson,Texas,31.581718,-95.532047,9938,A,F,1/31/2018
Anderson,Texas,31.581718,-95.532047,9939,A,F,1/31/2018
Anderson,Texas,31.581718,-95.532047,9940,A,F,1/31/2018
Anderson,Texas,31.581718,-95.532047,9941,J,F,1/31/2018
Anderson,Texas,31.581718,-95.532047,9942,J,F,1/31/2018
Anderson,Texas,31.581718,-95.532047,9943,A,F,1/31/2018
Anderson,Texas,31.581718,-95.532047,9944,A,F,1/31/2018
Anderson,Texas,31.581718,-95.532047,9945,A,F,2/1/2018
Anderson,Texas,31.581718,-95.532047,9946,A,F,2/1/2018
Henderson,Texas,32.031259,-95.531289,9947,A,F,2/1/2018
Anderson,Texas,31.581718,-95.532047,9948,A,F,2/1/2018
Anderson,Texas,31.581718,-95.532047,9949,A,F,2/1/2018
Anderson,Texas,31.581718,-95.532047,9951,A,F,1/31/2018
Anderson,Texas,31.581718,-95.532047,9952,A,F,2/1/2018
Anderson,Texas,31.581718,-95.532047,9953,A,F,2/1/2018
Anderson,Texas,31.581718,-95.532047,9954,A,F,2/1/2018
Anderson,Texas,31.581718,-95.532047,9955,A,F,2/1/2018
Navarro,Texas,32.301,-96.436,9956,A,F,1/24/2019
Navarro,Texas,32.301,-96.436,9957,A,F,1/24/2019
Navarro,Texas,32.301,-96.436,9958,A,F,1/24/2019
Navarro,Texas,32.301,-96.436,9959,A,F,1/24/2019
Navarro,Texas,32.301,-96.436,9960,A,F,1/24/2019
Navarro,Texas,32.301,-96.436,9961,A,F,1/24/2019
Navarro,Texas,32.301,-96.436,9962,A,F,1/25/2019
Navarro,Texas,32.301,-96.436,9963,A,M,1/29/2019
Navarro,Texas,32.301,-96.436,9964,A,M,1/30/2019
Navarro,Texas,32.301,-96.436,9965,A,M,1/30/2019
Navarro,Texas,32.301,-96.436,9966,J,M,1/30/2019
Navarro,Texas,32.301,-96.436,9967,A,M,1/30/2019
Navarro,Texas,32.301,-96.436,9968,A,M,1/30/2019
Navarro,Texas,32.301,-96.436,9969,A,F,1/31/2019
Navarro,Texas,32.301,-96.436,9970,A,F,1/31/2019
Navarro,Texas,32.301,-96.436,9971,A,F,1/31/2019
Navarro,Texas,32.301,-96.436,9972,A,F,1/31/2019
Navarro,Texas,32.301,-96.436,9973,A,F,1/31/2019
Navarro,Texas,32.301,-96.436,9974,A,F,1/31/2019
Navarro,Texas,32.301,-96.436,9975,A,F,1/31/2019
Anderson,Texas,31.581718,-95.532047,9976,A,F,2/1/2018
Anderson,Texas,31.581718,-95.532047,9977,A,F,2/1/2018
Henderson,Texas,32.031259,-95.531289,9978,A,F,2/1/2018
Anderson,Texas,31.581718,-95.532047,9979,A,F,2/1/2018
Anderson,Texas,31.581718,-95.532047,9980,A,F,2/1/2018
Anderson,Texas,31.581718,-95.532047,9981,A,F,2/1/2018
Anderson,Texas,31.581718,-95.532047,9982,A,F,2/1/2018
Anderson,Texas,31.581718,-95.532047,9983,A,F,2/1/2018
Anderson,Texas,31.581718,-95.532047,9984,A,F,2/1/2018
Henderson,Texas,32.031259,-95.531289,9986,A,F,2/1/2018
Anderson,Texas,31.581718,-95.532047,9987,A,F,2/1/2018
Henderson,Texas,32.031259,-95.531289,9988,A,F,2/1/2018
Anderson,Texas,31.581718,-95.532047,9989,J,F,2/1/2018
Anderson,Texas,31.581718,-95.532047,9990,A,F,2/1/2018
Navarro,Texas,32.301,-96.436,9991,A,F,2/6/2019
Navarro,Texas,32.301,-96.436,9992,A,F,2/6/2019
Navarro,Texas,32.301,-96.436,9993,A,F,2/6/2019
Navarro,Texas,32.301,-96.436,9994,A,F,2/6/2019
Navarro,Texas,32.301,-96.436,9995,A,F,2/6/2019
Anderson,Tennessee,32.052996,-95.5328835,9998,A,F,3/11/2014
Anderson,Louisiana,31.581582,-95.5243921,10706,A,F,2/26/2014
Anderson,Louisiana,31.581582,-95.5243921,10707,A,F,2/26/2014
Anderson,Louisiana,31.581582,-95.5243921,10708,A,F,2/26/2014
Anderson,Louisiana,31.581582,-95.5243921,10711,A,F,2/18/2014
Anderson,Louisiana,31.581582,-95.5243921,10712,A,F,2/18/2014
Anderson,Louisiana,31.581582,-95.5243921,10713,A,F,2/18/2014
Anderson,Louisiana,31.581582,-95.5243921,10715,A,F,2/18/2014
Anderson,Louisiana,31.581582,-95.5243921,10716,A,F,2/18/2014
Anderson,Louisiana,31.581582,-95.5243921,10718,A,F,2/18/2014
Anderson,Texas,31.581582,-95.5243921,10735,A,F,3/2/2016
Anderson,Louisiana,31.581582,-95.5243921,10740,A,F,2/26/2014
Anderson,Texas,31.4422988,-95.2320173,10743,J,M,2/8/2014
Anderson,Texas,31.4422988,-95.2320173,10744,A,M,2/8/2014
Anderson,Texas,31.4422988,-95.2320173,10745,J,M,2/8/2014
Anderson,Texas,31.4422988,-95.2320173,10746,A,M,2/8/2014
Anderson,Texas,31.4422988,-95.2320173,10747,J,M,2/8/2014
Anderson,Texas,31.4422988,-95.2320173,10780,J,F,2/27/2014
Anderson,Texas,31.4422988,-95.2320173,10781,A,F,2/27/2014
Anderson,Texas,31.4422988,-95.2320173,10788,J,M,2/27/2014
Anderson,Texas,31.581582,-95.5243921,10792,J,M,3/2/2016
Anderson,Texas,31.4422988,-95.2320173,10793,A,F,2/21/2014
Anderson,Texas,31.4422988,-95.2320173,10794,A,F,2/21/2014
Anderson,Texas,31.4422988,-95.2320173,10795,A,F,2/21/2014
Anderson,Texas,31.4422988,-95.2320173,10796,A,F,2/21/2014
Anderson,Texas,31.4422988,-95.2320173,10797,A,F,2/21/2014
Anderson,Texas,31.4422988,-95.2320173,10798,A,F,2/21/2014
Anderson,Texas,31.4422988,-95.2320173,10799,A,F,2/21/2014
Anderson,Texas,31.4422988,-95.2320173,10800,J,F,2/21/2014
Cherokee,West Virginia,31.3810338,-95.1631811,10852,J,F,2/24/2016
Cherokee,West Virginia,31.3810338,-95.1631811,10853,J,F,2/24/2016
Cherokee,West Virginia,31.3810338,-95.1631811,10854,J,F,2/24/2016
Cherokee,West Virginia,31.3810338,-95.1631811,10855,J,F,2/24/2016
Cherokee,West Virginia,31.3810338,-95.1631811,10856,J,F,2/24/2016
Cherokee,West Virginia,31.3810338,-95.1631811,10857,J,F,2/24/2016
Cherokee,West Virginia,31.3810338,-95.1631811,10858,J,F,2/24/2016
Cherokee,West Virginia,31.3810338,-95.1631811,10859,A,F,2/24/2016
Cherokee,West Virginia,31.3810338,-95.1631811,10860,J,F,2/24/2016
Cherokee,West Virginia,31.3810338,-95.1631811,10861,A,F,2/24/2016
Cherokee,West Virginia,31.3810338,-95.1631811,10862,J,F,2/24/2016
Cherokee,West Virginia,31.3810338,-95.1631811,10864,A,F,2/24/2016
Cherokee,West Virginia,31.3810338,-95.1631811,10865,J,F,2/24/2016
Cherokee,West Virginia,31.3810338,-95.1631811,10866,J,M,2/18/2016
Cherokee,West Virginia,31.3810338,-95.1631811,10867,J,M,2/18/2016
Cherokee,West Virginia,31.3810338,-95.1631811,10868,J,M,2/18/2016
Cherokee,West Virginia,31.3810338,-95.1631811,10869,J,M,2/18/2016
Cherokee,West Virginia,31.3810338,-95.1631811,10870,J,M,2/18/2016
Anderson,Texas,31.581582,-95.5243921,10901,A,F,2/3/2016
Anderson,Texas,32.052996,-95.5328835,10902,A,F,2/3/2016
Anderson,Texas,32.052996,-95.5328835,10903,J,F,2/3/2016
Anderson,Texas,31.581582,-95.5243921,10904,J,F,2/3/2016
Anderson,Texas,31.581582,-95.5243921,10905,J,F,2/3/2016
Anderson,Texas,32.052996,-95.5328835,10906,J,F,2/3/2016
Anderson,Texas,31.581582,-95.5243921,10907,A,F,2/3/2016
Anderson,Texas,32.052996,-95.5328835,10908,J,F,2/3/2016
Anderson,Texas,31.581582,-95.5243921,10909,J,F,2/3/2016
Anderson,Texas,32.052996,-95.5328835,10910,J,F,2/3/2016
Anderson,Texas,31.581582,-95.5243921,10911,J,F,2/3/2016
Anderson,Texas,32.052996,-95.5328835,10912,J,F,2/3/2016
Anderson,Texas,31.581582,-95.5243921,10913,A,F,2/3/2016
Anderson,Texas,32.052996,-95.5328835,10914,J,F,2/3/2016
Anderson,Texas,31.581582,-95.5243921,10915,J,F,2/3/2016
Anderson,Texas,32.052996,-95.5328835,10916,A,F,2/3/2016
Anderson,Texas,31.581582,-95.5243921,10917,J,F,2/3/2016
Anderson,Texas,32.052996,-95.5328835,10918,J,F,2/3/2016
Anderson,Texas,31.581582,-95.5243921,10919,A,F,2/3/2016
Anderson,Texas,32.052996,-95.5328835,10920,J,F,2/3/2016
Anderson,Texas,31.581582,-95.5243921,10921,A,F,2/3/2016
Anderson,Texas,32.052996,-95.5328835,10922,J,F,2/3/2016
Anderson,Texas,32.052996,-95.5328835,10923,J,F,2/3/2016
Anderson,Texas,32.052996,-95.5328835,10924,A,F,2/3/2016
Anderson,Texas,32.052996,-95.5328835,10925,J,F,2/3/2016
Anderson,Texas,32.052996,-95.5328835,10926,A,F,2/3/2016
Anderson,Texas,32.052996,-95.5328835,10927,A,F,2/3/2016
Anderson,Texas,32.052996,-95.5328835,10928,A,F,2/3/2016
Anderson,Texas,31.581582,-95.5243921,10929,J,F,1/19/2016
Anderson,Texas,31.581582,-95.5243921,10930,J,F,1/19/2016
Anderson,Texas,31.581582,-95.5243921,10931,J,F,1/19/2016
Anderson,Texas,31.581582,-95.5243921,10932,J,F,1/19/2016
Anderson,Texas,31.581582,-95.5243921,10933,J,F,1/19/2016
Anderson,Texas,31.581582,-95.5243921,10934,A,F,1/19/2016
Anderson,Texas,31.581582,-95.5243921,10935,J,M,1/19/2016
Anderson,Texas,31.581582,-95.5243921,10936,J,M,1/19/2016
Anderson,Texas,31.581582,-95.5243921,10937,J,M,1/19/2016
Anderson,Texas,31.581582,-95.5243921,10938,J,M,1/19/2016
Anderson,Texas,31.581582,-95.5243921,10939,J,M,1/19/2016
Anderson,Texas,31.581582,-95.5243921,10940,J,M,1/19/2016
Anderson,Texas,31.581582,-95.5243921,10941,J,M,1/19/2016
Anderson,Texas,31.581582,-95.5243921,10942,J,M,1/19/2016
Anderson,Texas,32.052996,-95.5328835,10943,J,M,1/19/2016
Anderson,Texas,32.052996,-95.5328835,10944,J,M,1/19/2016
Anderson,Texas,32.052996,-95.5328835,10945,J,M,1/19/2016
Anderson,Texas,32.052996,-95.5328835,10946,J,M,1/19/2016
Anderson,Texas,32.052996,-95.5328835,10947,J,M,1/19/2016
Anderson,Texas,32.052996,-95.5328835,10948,J,M,1/19/2016
Anderson,Texas,32.052996,-95.5328835,10949,J,M,1/19/2016
Anderson,Texas,32.052996,-95.5328835,10950,J,M,1/19/2016
Anderson,Missouri,31.5928599,-95.374644,11252,A,F,1/25/2017
Anderson,Missouri,31.5928599,-95.374644,11253,A,M,1/25/2017
Anderson,Missouri,31.5928599,-95.374644,11254,A,F,1/25/2017
Anderson,Missouri,31.5928599,-95.374644,11255,A,F,1/25/2017
Anderson,Missouri,31.5928599,-95.374644,11256,A,F,1/25/2017
Anderson,Missouri,31.5928599,-95.374644,11257,A,M,1/25/2017
Anderson,Missouri,31.5928599,-95.374644,11258,J,F,1/25/2017
Anderson,Missouri,31.5928599,-95.374644,11259,A,M,1/26/2017
Anderson,Missouri,31.5928599,-95.374644,11260,A,M,1/26/2017
Anderson,Missouri,31.5928599,-95.374644,11261,A,M,1/26/2017
Anderson,Missouri,31.5928599,-95.374644,11262,A,M,1/26/2017
Anderson,Missouri,31.5928599,-95.374644,11263,A,M,1/26/2017
Anderson,Missouri,31.5928599,-95.374644,11265,A,M,2/1/2017
Anderson,Missouri,31.5928599,-95.374644,11266,A,M,2/1/2017
Anderson,Missouri,31.5928599,-95.374644,11267,A,M,2/1/2017
Anderson,Missouri,31.5928599,-95.374644,11268,A,M,2/1/2017
Anderson,Missouri,31.5928599,-95.374644,11269,A,M,2/1/2017
Anderson,Missouri,31.5928599,-95.374644,11270,A,M,2/1/2017
Anderson,Missouri,31.5928599,-95.374644,11271,A,F,3/2/2017
Anderson,Missouri,31.5928599,-95.374644,11274,A,F,3/2/2017
Anderson,Missouri,31.5928599,-95.374644,11276,A,F,3/2/2017
Anderson,Missouri,31.5928599,-95.374644,11279,A,F,3/2/2017
Anderson,Missouri,31.5928599,-95.374644,11281,A,F,3/2/2017
Anderson,Missouri,31.5928599,-95.374644,11284,A,F,3/16/2017
Anderson,Missouri,31.5928599,-95.374644,11285,A,F,3/16/2017
Anderson,Missouri,31.5928599,-95.374644,11286,A,F,3/16/2017
Anderson,Missouri,31.5928599,-95.374644,11287,A,F,3/16/2017
Anderson,Missouri,31.5928599,-95.374644,11290,A,F,3/16/2017
Henderson,Missouri,32.031259,-95.531289,11294,A,F,1/24/2019
Henderson,Missouri,32.031259,-95.531289,11295,A,F,1/24/2019
Henderson,Missouri,32.031259,-95.531289,11296,J,F,1/24/2019
Henderson,Missouri,32.031259,-95.531289,11297,A,F,1/24/2019
Cherokee,Iowa,31.3810338,-95.1631811,11655,J,M,1/29/2016
Cherokee,Iowa,31.3810338,-95.1631811,11657,J,M,1/29/2016
Cherokee,Iowa,31.3810338,-95.1631811,11658,J,M,1/29/2016
Cherokee,Iowa,31.3810338,-95.1631811,11659,J,M,1/29/2016
Cherokee,Iowa,31.3810338,-95.1631811,11660,J,M,1/29/2016
Cherokee,Iowa,31.3810338,-95.1631811,11661,J,M,1/29/2016
Cherokee,Iowa,31.3810338,-95.1631811,11662,A,M,1/29/2016
Cherokee,Iowa,31.3810338,-95.1631811,11673,A,M,2/13/2016
Cherokee,Iowa,31.3810338,-95.1631811,11674,A,M,2/13/2016
Cherokee,Iowa,31.3810338,-95.1631811,11675,A,M,2/13/2016
Cherokee,Iowa,31.3810338,-95.1631811,11679,A,M,2/13/2016
Cherokee,Iowa,31.3810338,-95.1631811,11681,A,M,2/13/2016
Cherokee,Iowa,31.3810338,-95.1631811,11696,J,M,2/19/2016
Cherokee,Iowa,31.3810338,-95.1631811,11763,J,M,2/19/2016
Anderson,Iowa,31.5928599,-95.374644,11778,A,F,2/1/2017
Anderson,Iowa,31.5928599,-95.374644,11779,A,F,2/1/2017
Anderson,Iowa,31.5928599,-95.374644,11780,J,F,2/1/2017
Anderson,Iowa,31.5928599,-95.374644,11781,A,F,2/1/2017
Cherokee,Iowa,31.3810338,-95.1631811,11782,A,F,2/1/2017
Cherokee,Iowa,31.3810338,-95.1631811,11783,A,F,2/1/2017
Cherokee,Iowa,31.3810338,-95.1631811,11784,J,F,2/1/2017
Cherokee,Iowa,31.3810338,-95.1631811,11785,A,F,2/1/2017
Cherokee,Iowa,31.3810338,-95.1631811,11786,A,F,2/1/2017
Cherokee,Iowa,31.3810338,-95.1631811,11787,J,M,2/1/2017
Cherokee,Iowa,31.3810338,-95.1631811,11788,J,M,2/1/2017
Cherokee,Iowa,31.3810338,-95.1631811,11789,A,F,2/1/2017
Cherokee,Iowa,31.3810338,-95.1631811,11790,A,F,2/1/2017
Anderson,Iowa,31.5928599,-95.374644,11791,J,F,2/1/2017
Anderson,Iowa,31.5928599,-95.374644,11792,,F,3/10/2017
Cherokee,Iowa,31.3810338,-95.1631811,11792,J,M,2/1/2017
Anderson,Iowa,31.5928599,-95.374644,11793,J,F,3/10/2017
Anderson,Iowa,31.5928599,-95.374644,11793,J,M,2/1/2017
Anderson,Iowa,31.5928599,-95.374644,11794,J,F,2/1/2017
Anderson,Iowa,31.5928599,-95.374644,11795,J,M,2/1/2017
Anderson,Iowa,31.5928599,-95.374644,11796,A,F,2/9/2017
Anderson,Iowa,31.5928599,-95.374644,11797,J,F,2/9/2017
Anderson,Iowa,31.5928599,-95.374644,11798,A,F,2/9/2017
Anderson,Iowa,31.5928599,-95.374644,11799,,F,3/10/2017
Anderson,Iowa,31.5928599,-95.374644,11799,J,F,2/9/2017
Anderson,Iowa,31.5928599,-95.374644,11800,,F,3/10/2017
Anderson,Iowa,31.5928599,-95.374644,11800,J,F,2/9/2017
Anderson,Iowa,31.5928599,-95.374644,11801,,F,3/10/2017
Anderson,Iowa,31.5928599,-95.374644,11801,A,F,2/9/2017
Anderson,Iowa,31.5928599,-95.374644,11802,J,F,3/10/2017
Anderson,Iowa,31.5928599,-95.374644,11802,J,F,2/17/2017
Anderson,Iowa,31.5928599,-95.374644,11803,A,F,3/10/2017
Anderson,Iowa,31.5928599,-95.374644,11803,J,F,2/17/2017
Anderson,Iowa,31.5928599,-95.374644,11804,J,F,3/10/2017
Anderson,Iowa,31.5928599,-95.374644,11804,A,F,2/17/2017
Anderson,Iowa,31.5928599,-95.374644,11805,A,F,2/17/2017
Anderson,Iowa,31.5928599,-95.374644,11806,J,F,2/17/2017
Anderson,Iowa,31.5928599,-95.374644,11807,J,F,2/17/2017
Anderson,Iowa,31.5928599,-95.374644,11810,A,F,3/4/2017
Anderson,Iowa,31.5928599,-95.374644,11811,A,F,3/4/2017
Anderson,Iowa,31.5928599,-95.374644,11812,J,F,3/4/2017
Anderson,Iowa,31.5928599,-95.374644,11813,J,F,3/4/2017
Anderson,Iowa,31.5928599,-95.374644,11814,J,F,3/4/2017
Anderson,Iowa,31.5928599,-95.374644,11815,J,F,3/4/2017
Anderson,Iowa,31.5928599,-95.374644,11816,A,F,3/4/2017
Anderson,Iowa,31.5928599,-95.374644,11817,J,F,3/4/2017
Anderson,Iowa,31.5928599,-95.374644,11818,J,F,3/4/2017
Anderson,Iowa,31.5928599,-95.374644,11819,A,F,3/4/2017
Anderson,Iowa,31.5928599,-95.374644,11820,J,F,3/4/2017
Anderson,Iowa,31.5928599,-95.374644,11821,J,F,3/4/2017
Anderson,Iowa,31.5928599,-95.374644,11822,J,F,3/4/2017
Anderson,Iowa,31.5928599,-95.374644,11823,A,F,3/4/2017
Anderson,Iowa,31.5928599,-95.374644,11824,,F,3/10/2017
Anderson,Iowa,31.5928599,-95.374644,11832,,F,3/10/2017
Anderson,Iowa,31.5928599,-95.374644,11833,,F,3/10/2017
Anderson,Iowa,31.5928599,-95.374644,11834,,F,3/10/2017
Anderson,Iowa,31.5928599,-95.374644,11835,J,F,3/10/2017
Anderson,Iowa,31.5928599,-95.374644,11836,J,F,3/10/2017
Henderson,Iowa,32.562468,-94.475746,11873,A,F,3/10/2018
Henderson,Iowa,32.562468,-94.475746,11875,A,F,3/10/2018
Henderson,Iowa,32.031259,-95.531289,11880,J,M,3/10/2018
Henderson,Iowa,32.031259,-95.531289,11881,J,F,3/10/2018
Henderson,Iowa,32.031259,-95.531289,11882,J,F,3/10/2018
Henderson,Iowa,32.031259,-95.531289,11883,A,F,3/10/2018
Henderson,Iowa,32.031259,-95.531289,11884,A,F,3/10/2018
Henderson,Iowa,32.031259,-95.531289,11885,J,M,3/10/2018
Henderson,Iowa,32.031259,-95.531289,11886,A,F,3/10/2018
Henderson,Iowa,32.031259,-95.531289,11887,A,F,3/10/2018
Henderson,Iowa,32.031259,-95.531289,11888,A,F,3/10/2018
Henderson,Iowa,32.031259,-95.531289,11889,A,F,3/10/2018
Henderson,Iowa,32.031259,-95.531289,11890,A,F,3/10/2018
Henderson,Iowa,32.031259,-95.531289,11891,A,F,3/10/2018
Henderson,Iowa,32.031259,-95.531289,11892,J,F,3/10/2018
Henderson,Iowa,32.031259,-95.531289,11893,J,M,2/9/2019
Henderson,Iowa,32.031259,-95.531289,11894,J,F,2/9/2019
Henderson,Iowa,32.031259,-95.531289,11895,A,M,2/9/2019
Henderson,Iowa,32.031259,-95.531289,11896,J,F,2/9/2019
Henderson,Iowa,32.031259,-95.531289,11897,A,M,2/9/2019
Henderson,Iowa,32.031259,-95.531289,11898,A,M,2/9/2019
Henderson,Iowa,32.031259,-95.531289,11899,A,F,2/9/2019
Henderson,Missouri,32.031259,-95.531289,12029,A,F,12/19/2018
Henderson,Missouri,32.031259,-95.531289,12030,A,M,12/19/2018
Henderson,Missouri,32.031259,-95.531289,12031,A,F,12/19/2018
Henderson,Missouri,32.031259,-95.531289,12032,A,F,12/19/2018
Henderson,Missouri,32.031259,-95.531289,12033,A,F,12/19/2018
Henderson,Missouri,32.031259,-95.531289,12034,A,F,12/19/2018
Henderson,Missouri,32.031259,-95.531289,12035,A,F,12/19/2018
Henderson,Missouri,32.031259,-95.531289,12036,A,F,12/19/2018
Henderson,Missouri,32.031259,-95.531289,12037,A,F,12/19/2018
Henderson,Missouri,32.031259,-95.531289,12038,A,F,12/19/2018
Henderson,Missouri,32.031259,-95.531289,12039,A,M,12/19/2018
Henderson,Missouri,32.031259,-95.531289,12040,A,M,12/19/2018
Henderson,Missouri,32.031259,-95.531289,12041,A,F,1/10/2019
Henderson,Missouri,32.031259,-95.531289,12042,A,F,1/10/2019
Henderson,Missouri,32.031259,-95.531289,12043,A,F,1/10/2019
Henderson,Missouri,32.031259,-95.531289,12044,J,F,1/10/2019
Henderson,Missouri,32.031259,-95.531289,12045,A,F,1/10/2019
Henderson,Missouri,32.031259,-95.531289,12046,A,F,1/10/2019
Henderson,Missouri,32.031259,-95.531289,12047,A,F,1/10/2019
Henderson,Missouri,32.031259,-95.531289,12048,J,F,1/10/2019
Henderson,Missouri,32.031259,-95.531289,12049,A,F,1/10/2019
Henderson,Missouri,32.031259,-95.531289,12050,A,F,1/10/2019
Henderson,Missouri,32.031259,-95.531289,12140,A,F,1/10/2019
Henderson,Missouri,32.031259,-95.531289,12141,A,M,1/10/2019
Henderson,Missouri,32.031259,-95.531289,12142,A,F,1/10/2019
Henderson,Missouri,32.031259,-95.531289,12143,A,F,1/10/2019
Henderson,Missouri,32.031259,-95.531289,12144,A,F,1/10/2019
Henderson,Missouri,32.031259,-95.531289,12145,A,F,1/10/2019
Henderson,Missouri,32.031259,-95.531289,12192,A,F,1/10/2019
Henderson,Missouri,32.031259,-95.531289,12193,A,F,1/10/2019
Henderson,Missouri,32.031259,-95.531289,12194,A,F,1/10/2019
Henderson,Texas,32.031259,-95.531289,12751,A,M,1/19/2018
Henderson,Texas,32.031259,-95.531289,12752,A,F,1/19/2018
Henderson,Texas,32.031259,-95.531289,12753,A,F,1/19/2018
Henderson,Texas,32.031259,-95.531289,12754,A,M,1/19/2018
Henderson,Texas,32.031259,-95.531289,12755,A,M,1/19/2018
Henderson,Texas,32.031259,-95.531289,12756,A,F,1/19/2018
Henderson,Texas,32.031259,-95.531289,12757,J,F,1/19/2018
Henderson,Texas,32.031259,-95.531289,12758,A,F,1/19/2018
Henderson,Texas,32.031259,-95.531289,12759,A,F,1/19/2018
Henderson,Texas,32.031259,-95.531289,12760,A,F,1/26/2018
Henderson,Texas,32.031259,-95.531289,12761,A,F,1/26/2018
Henderson,Texas,32.031259,-95.531289,12762,A,F,1/26/2018
Henderson,Texas,32.031259,-95.531289,12763,A,F,1/26/2018
Henderson,Texas,32.031259,-95.531289,12764,A,F,1/26/2018
Henderson,Texas,32.031259,-95.531289,12765,J,F,1/26/2018
Henderson,Texas,32.031259,-95.531289,12766,A,F,1/26/2018
Henderson,Texas,32.031259,-95.531289,12767,A,F,1/26/2018
Henderson,Texas,32.031259,-95.531289,12768,A,M,1/26/2018
Henderson,Texas,32.031259,-95.531289,12769,A,M,1/26/2018
Henderson,Texas,32.031259,-95.531289,12770,A,M,1/26/2018
Henderson,Texas,32.031259,-95.531289,12771,A,M,1/26/2018
Henderson,Texas,32.031259,-95.531289,12772,A,M,1/26/2018
Henderson,Texas,32.031259,-95.531289,12773,A,F,1/26/2018
Henderson,Texas,32.031259,-95.531289,12774,A,F,1/26/2018
Henderson,Texas,32.031259,-95.531289,12775,A,F,1/26/2018
Henderson,Texas,32.031259,-95.531289,12777,A,F,1/26/2018
Henderson,Texas,32.031259,-95.531289,12778,A,F,1/26/2018
Henderson,Texas,32.031259,-95.531289,12779,A,F,1/26/2018
Henderson,Texas,32.031259,-95.531289,12782,A,F,1/26/2018
Henderson,Texas,32.031259,-95.531289,12783,A,F,1/26/2018
Henderson,Texas,32.031259,-95.531289,12784,A,F,1/26/2018
Henderson,Texas,32.031259,-95.531289,12785,A,F,1/26/2018
Henderson,Texas,32.031259,-95.531289,12786,A,F,1/26/2018
Henderson,Texas,32.031259,-95.531289,12787,A,F,1/26/2018
Henderson,Texas,32.031259,-95.531289,12788,A,F,1/26/2018
Henderson,Texas,32.031259,-95.531289,12789,A,F,1/26/2018
Henderson,Texas,32.031259,-95.531289,12790,A,F,1/26/2018
Henderson,Texas,32.031259,-95.531289,12791,A,F,1/26/2018
Henderson,Texas,32.031259,-95.531289,12792,J,F,1/26/2018
Henderson,Texas,32.031259,-95.531289,12793,A,F,1/26/2018
Henderson,Texas,32.031259,-95.531289,12794,A,F,1/26/2018
Henderson,Texas,32.031259,-95.531289,12795,A,F,1/26/2018
Henderson,Texas,32.031259,-95.531289,12796,A,F,1/26/2018
Henderson,Iowa,32.031259,-95.531289,13100,J,M,2/9/2019
Henderson,Iowa,32.031259,-95.531289,13101,J,M,2/9/2019
Henderson,Iowa,32.031259,-95.531289,13102,J,F,2/9/2019
Henderson,Iowa,32.031259,-95.531289,13103,J,M,2/9/2019
Henderson,Iowa,32.031259,-95.531289,13104,J,M,2/9/2019
Henderson,Iowa,32.031259,-95.531289,13105,J,M,2/9/2019
Henderson,Iowa,32.031259,-95.531289,13106,J,F,2/9/2019
Henderson,Iowa,32.031259,-95.531289,13107,J,M,2/9/2019
Henderson,Iowa,32.031259,-95.531289,13108,J,F,2/9/2019
Henderson,Iowa,32.031259,-95.531289,13109,A,F,2/9/2019
Henderson,Iowa,32.031259,-95.531289,13110,A,F,2/9/2019
Henderson,Iowa,32.031259,-95.531289,13111,A,F,2/9/2019
Henderson,Iowa,32.031259,-95.531289,13112,J,M,2/9/2019
Anderson,Texas,31.581582,-95.5243921,13501,J,F,2/3/2016
Anderson,Texas,31.581582,-95.5243921,13502,A,F,2/3/2016
Anderson,Texas,31.581582,-95.5243921,13503,A,F,2/3/2016
Anderson,Texas,31.581582,-95.5243921,13504,J,F,2/3/2016
Anderson,Texas,31.581582,-95.5243921,13505,J,F,2/3/2016
Anderson,Texas,31.581582,-95.5243921,13506,J,F,2/3/2016
Anderson,Texas,31.581582,-95.5243921,13507,A,F,2/3/2016
Anderson,Texas,32.052996,-95.5328835,13508,J,F,2/3/2016
Anderson,Texas,32.052996,-95.5328835,13509,J,F,2/3/2016
Anderson,Texas,31.581582,-95.5243921,13510,A,F,2/3/2016
Anderson,Texas,31.581582,-95.5243921,13511,A,F,2/3/2016
Anderson,Texas,32.052996,-95.5328835,13512,A,F,2/3/2016
Anderson,Texas,31.581582,-95.5243921,13513,A,F,2/3/2016
Anderson,Texas,32.052996,-95.5328835,13514,J,M,2/12/2016
Anderson,Texas,32.052996,-95.5328835,13516,J,M,2/12/2016
Anderson,Texas,31.581582,-95.5243921,13517,J,M,2/12/2016
Anderson,Texas,31.581582,-95.5243921,13518,J,M,2/12/2016
Anderson,Texas,31.581582,-95.5243921,13519,J,M,2/12/2016
Anderson,Texas,32.052996,-95.5328835,13520,J,M,2/12/2016
Anderson,Texas,32.052996,-95.5328835,13521,A,F,2/22/2016
Anderson,Texas,32.052996,-95.5328835,13522,J,F,2/22/2016
Anderson,Texas,32.052996,-95.5328835,13523,J,F,2/22/2016
Anderson,Texas,32.052996,-95.5328835,13524,J,F,2/22/2016
Anderson,Texas,32.052996,-95.5328835,13525,J,F,2/22/2016
Anderson,Texas,32.052996,-95.5328835,13526,J,F,2/22/2016
Anderson,Texas,32.052996,-95.5328835,13527,A,F,2/22/2016
Anderson,Texas,32.052996,-95.5328835,13528,A,F,2/22/2016
Anderson,Texas,32.052996,-95.5328835,13529,J,F,2/22/2016
Anderson,Texas,32.052996,-95.5328835,13530,A,F,2/23/2016
Anderson,Texas,32.052996,-95.5328835,13531,J,M,2/23/2016
Anderson,Texas,32.052996,-95.5328835,13532,A,F,2/23/2016
Anderson,Texas,31.581582,-95.5243921,13533,A,F,2/23/2016
Anderson,Texas,31.581582,-95.5243921,13534,A,F,2/23/2016
Anderson,Texas,31.581582,-95.5243921,13535,A,F,2/23/2016
Anderson,Texas,32.052996,-95.5328835,13536,A,F,2/23/2016
Anderson,Texas,31.581582,-95.5243921,13537,A,F,2/23/2016
Anderson,Texas,31.581582,-95.5243921,13538,J,M,2/23/2016
Anderson,Texas,32.052996,-95.5328835,13539,A,F,2/23/2016
Anderson,Texas,31.7,-95.823,13568,A,M,2/25/2022
Anderson,Texas,31.7,-95.823,13569,A,M,2/25/2022
Anderson,Texas,31.7,-95.823,13570,A,M,2/25/2022
Anderson,Texas,31.7,-95.823,13571,A,F,2/25/2022
Anderson,Texas,31.7,-95.823,13572,J,F,2/25/2022
Anderson,Texas,31.7,-95.823,13573,A,F,2/25/2022
Anderson,Texas,31.7,-95.823,13574,J,F,2/25/2022
Anderson,Texas,31.7,-95.823,13575,A,F,2/25/2022
Anderson,Texas,31.7,-95.823,13576,J,F,2/25/2022
Anderson,Texas,31.7,-95.823,13577,A,F,2/25/2022
Anderson,Texas,31.7,-95.823,13578,J,F,2/25/2022
Anderson,Texas,31.7,-95.823,13579,A,F,2/25/2022
Anderson,Texas,31.7,-95.823,13580,A,F,2/25/2022
Anderson,Texas,31.7,-95.823,13581,J,F,2/25/2022
Navarro,Texas,32.016,-96.079,14045,A,F,1/27/2022
Navarro,Texas,32.072,-96.163,14301,J,F,1/26/2022
Navarro,Texas,32.072,-96.163,14302,A,F,1/26/2022
Navarro,Texas,32.072,-96.163,14303,J,F,1/28/2022
Navarro,Texas,32.072,-96.163,14304,A,F,1/26/2022
Navarro,Texas,32.072,-96.163,14305,J,F,1/26/2022
Navarro,Texas,32.072,-96.163,14306,J,F,1/26/2022
Navarro,Texas,32.072,-96.163,14307,J,F,1/26/2022
Navarro,Texas,32.072,-96.163,14308,A,F,1/26/2022
Navarro,Texas,32.072,-96.163,14309,A,F,1/26/2022
Navarro,Texas,32.072,-96.163,14310,A,F,1/26/2022
Navarro,Texas,32.072,-96.163,14311,A,F,1/26/2022
Navarro,Texas,32.072,-96.163,14312,A,F,1/26/2022
Navarro,Texas,32.072,-96.163,14313,J,F,1/27/2022
Navarro,Texas,32.072,-96.163,14314,A,F,1/27/2022
Navarro,Texas,32.072,-96.163,14315,J,F,1/27/2022
Navarro,Texas,32.072,-96.163,14316,A,F,1/27/2022
Navarro,Texas,32.072,-96.163,14317,A,F,1/27/2022
Navarro,Texas,32.072,-96.163,14318,J,F,1/27/2022
Navarro,Texas,32.072,-96.163,14319,A,F,1/27/2022
Navarro,Texas,32.072,-96.163,14320,A,M,1/27/2022
Navarro,Texas,32.072,-96.163,14321,J,F,1/28/2022
Navarro,Texas,32.072,-96.163,14322,A,F,1/28/2022
Navarro,Texas,32.072,-96.163,14323,A,F,1/28/2022
Navarro,Texas,32.072,-96.163,14324,J,F,1/28/2022
Navarro,Texas,32.072,-96.163,14325,J,F,1/28/2022
Navarro,Texas,32.072,-96.163,14326,J,F,1/28/2022
Navarro,Texas,32.072,-96.163,14327,J,F,1/28/2022
Navarro,Texas,32.072,-96.163,14328,J,F,1/28/2022
Navarro,Texas,32.072,-96.163,14329,A,F,1/28/2022
Navarro,Texas,32.072,-96.163,14330,J,F,1/28/2022
Navarro,Texas,32.072,-96.163,14331,A,F,1/28/2022
Navarro,Texas,32.072,-96.163,14332,A,F,1/28/2022
Navarro,Texas,32.072,-96.163,14333,J,M,1/28/2022
Freestone,Texas,31.564504,-96.053894,14334,A,M,2/2/2022
Freestone,Texas,31.564504,-96.053894,14335,A,M,2/2/2022
Freestone,Texas,31.564504,-96.053894,14336,A,M,2/2/2022
Freestone,Texas,31.564504,-96.053894,14337,A,M,2/2/2022
Freestone,Texas,31.564504,-96.053894,14338,J,M,2/2/2022
Anderson,Texas,31.7,-95.823,14339,A,F,2/24/2022
Anderson,Texas,31.7,-95.823,14340,A,F,2/24/2022
Anderson,Texas,31.7,-95.823,14341,A,F,2/24/2022
Anderson,Texas,31.7,-95.823,14342,J,F,2/24/2022
Anderson,Texas,31.7,-95.823,14343,A,M,2/25/2022
Anderson,Texas,31.7,-95.823,14344,A,M,2/25/2022
Anderson,Texas,31.7,-95.823,14345,A,M,2/25/2022
Anderson,Texas,31.7,-95.823,14346,A,M,2/25/2022
Anderson,Texas,31.7,-95.823,14347,A,M,2/25/2022
Anderson,Texas,31.7,-95.823,14348,A,M,2/25/2022
Anderson,Texas,31.7,-95.823,14349,A,M,2/25/2022
Anderson,Texas,31.7,-95.823,14350,A,M,2/25/2022
Henderson,Texas,32.031259,-95.531289,14553,A,F,1/12/2018
Henderson,Texas,32.031259,-95.531289,14554,A,M,1/12/2018
Henderson,Texas,32.031259,-95.531289,15342,A,F,1/12/2018
Henderson,Texas,32.031259,-95.531289,15343,A,F,1/12/2018
Henderson,Texas,32.031259,-95.531289,15344,A,F,1/12/2018
Henderson,Texas,32.031259,-95.531289,15345,A,F,1/12/2018
Henderson,Texas,32.031259,-95.531289,15346,A,F,1/12/2018
Henderson,Texas,32.031259,-95.531289,15347,A,F,1/12/2018
Henderson,Texas,32.031259,-95.531289,15348,A,F,1/12/2018
Henderson,Texas,32.031259,-95.531289,15349,A,F,1/12/2018
Henderson,Texas,32.031259,-95.531289,15350,A,F,1/12/2018
Henderson,Texas,32.031259,-95.531289,15401,A,M,1/19/2018
Henderson,Texas,32.031259,-95.531289,15402,A,M,1/19/2018
Henderson,Texas,32.031259,-95.531289,15403,A,M,1/19/2018
Henderson,Texas,32.031259,-95.531289,15404,A,F,1/19/2018
Henderson,Texas,32.031259,-95.531289,15405,J,M,1/26/2018
Henderson,Texas,32.031259,-95.531289,15406,A,F,1/26/2018
Henderson,Texas,32.031259,-95.531289,15407,A,F,1/26/2018
Henderson,Texas,32.031259,-95.531289,15408,J,F,1/26/2018
Henderson,Texas,32.031259,-95.531289,15409,A,M,1/26/2018
Henderson,Texas,32.031259,-95.531289,15410,A,M,1/26/2018
Henderson,Texas,32.031259,-95.531289,15411,A,F,1/26/2018
Henderson,Texas,32.031259,-95.531289,15412,A,F,1/26/2018
Henderson,Texas,32.031259,-95.531289,15413,A,F,1/26/2018
Henderson,Texas,32.031259,-95.531289,15414,A,F,1/26/2018
Henderson,Texas,32.031259,-95.531289,15415,J,F,1/26/2018
Henderson,Texas,32.031259,-95.531289,15416,A,F,1/26/2018
Henderson,Texas,32.031259,-95.531289,15418,A,F,1/26/2018
Anderson,Texas,31.581718,-95.532047,15419,A,M,1/31/2018
Anderson,Texas,31.581718,-95.532047,15420,A,F,1/31/2018
Anderson,Texas,31.581718,-95.532047,15421,A,F,1/31/2018
Anderson,Texas,31.581718,-95.532047,15422,A,F,1/31/2018
Anderson,Texas,31.581718,-95.532047,15423,A,F,1/31/2018
Anderson,Texas,31.581718,-95.532047,15424,A,F,1/31/2018
Navarro,Texas,32.301,-96.436,15425,A,F,1/24/2019
Navarro,Texas,32.301,-96.436,15426,A,F,1/25/2019
Navarro,Texas,32.301,-96.436,15427,A,F,1/31/2019
Navarro,Texas,32.301,-96.436,15428,A,M,1/29/2019
Navarro,Texas,32.301,-96.436,15429,J,M,1/30/2019
Navarro,Texas,32.301,-96.436,15430,A,F,2/6/2019
Navarro,Texas,32.301,-96.436,15440,A,F,1/31/2019
Navarro,Texas,32.173957,-96.245254,15458,A,F,1/23/2020
Navarro,Texas,32.173957,-96.245254,15459,A,F,1/23/2020
Navarro,Texas,32.173957,-96.245254,15461,A,F,1/23/2020
Navarro,Texas,32.173957,-96.245254,15464,A,F,1/23/2020
Navarro,Texas,32.173957,-96.245254,15465,A,F,1/23/2020
Navarro,Texas,32.173957,-96.245254,15466,A,F,1/23/2020
Navarro,Texas,32.173957,-96.245254,15467,A,F,1/23/2020
Navarro,Texas,32.173957,-96.245254,15885,A,F,2/7/2020
Navarro,Texas,32.173957,-96.245254,15886,A,F,2/7/2020
Navarro,Texas,32.173957,-96.245254,15887,J,F,2/7/2020
Navarro,Texas,32.173957,-96.245254,15888,A,F,2/7/2020
Navarro,Texas,32.173957,-96.245254,15889,A,F,2/7/2020
Navarro,Texas,32.173957,-96.245254,15890,A,F,2/7/2020
Navarro,Texas,32.173957,-96.245254,15891,J,F,2/7/2020
Leon,Texas,31.35142,-95.4359,16431,A,M,2/1/2023
Leon,Texas,31.35142,-95.4359,16432,A,M,2/1/2023
Leon,Texas,31.35142,-95.4359,16433,A,M,2/1/2023
Leon,Texas,31.35142,-95.4359,16434,A,M,2/1/2023
Leon,Texas,31.35142,-95.4359,16435,A,F,2/1/2023
Leon,Texas,31.35142,-95.4359,16436,A,M,2/1/2023
Leon,Texas,31.35142,-95.4359,16439,A,F,2/21/2023
Leon,Texas,31.35142,-95.4359,16447,A,M,2/21/2023
Henderson,North Carolina,32.031259,-95.531289,16601,A,F,12/6/2018
Henderson,North Carolina,32.031259,-95.531289,16602,A,F,12/6/2018
Henderson,North Carolina,32.031259,-95.531289,16603,J,F,12/6/2018
Henderson,North Carolina,32.031259,-95.531289,16604,A,F,12/6/2018
Henderson,North Carolina,32.031259,-95.531289,16605,J,F,12/6/2018
Henderson,North Carolina,32.031259,-95.531289,16606,J,F,12/6/2018
Henderson,North Carolina,32.031259,-95.531289,16607,J,F,12/6/2018
Henderson,North Carolina,32.031259,-95.531289,16608,A,F,12/6/2018
Henderson,North Carolina,32.031259,-95.531289,16609,J,M,1/10/2019
Henderson,North Carolina,32.031259,-95.531289,16610,J,F,1/10/2019
Henderson,North Carolina,32.031259,-95.531289,16611,A,F,1/10/2019
Henderson,North Carolina,32.031259,-95.531289,16612,J,M,1/10/2019
Henderson,North Carolina,32.031259,-95.531289,16613,J,F,1/10/2019
Henderson,North Carolina,32.031259,-95.531289,16614,J,M,1/10/2019
Henderson,North Carolina,32.031259,-95.531289,16615,J,M,1/10/2019
Henderson,North Carolina,32.031259,-95.531289,16616,A,F,1/10/2019
Henderson,North Carolina,32.031259,-95.531289,16617,A,F,1/10/2019
Henderson,North Carolina,32.031259,-95.531289,16618,J,M,1/10/2019
Henderson,North Carolina,32.031259,-95.531289,16619,A,F,1/10/2019
Henderson,North Carolina,32.031259,-95.531289,16620,J,M,1/10/2019
Henderson,North Carolina,32.031259,-95.531289,16621,A,F,1/10/2019
Henderson,North Carolina,32.031259,-95.531289,16651,J,F,12/19/2018
Henderson,North Carolina,32.031259,-95.531289,16652,J,F,12/19/2018
Henderson,North Carolina,32.031259,-95.531289,16653,J,M,12/19/2018
Henderson,North Carolina,32.031259,-95.531289,16654,J,F,12/19/2018
Navarro,Texas,32.301,-96.436,16701,A,F,12/19/2018
Navarro,Texas,32.301,-96.436,16702,A,F,12/19/2018
Navarro,Texas,32.301,-96.436,16703,J,F,12/19/2018
Navarro,Texas,32.301,-96.436,16704,A,F,12/19/2018
Navarro,Texas,32.301,-96.436,16705,A,F,12/19/2018
Navarro,Texas,32.301,-96.436,16706,A,F,12/19/2018
Navarro,Texas,32.301,-96.436,16707,A,F,12/19/2018
Navarro,Texas,32.301,-96.436,16708,A,M,12/19/2018
Navarro,Texas,32.301,-96.436,16709,A,M,12/19/2018
Navarro,Texas,32.301,-96.436,16710,A,M,12/19/2018
Navarro,Texas,32.173957,-96.245254,16743,J,M,1/8/2020
Navarro,Texas,32.173957,-96.245254,16744,J,M,1/8/2020
Navarro,Texas,32.173957,-96.245254,16745,A,M,1/8/2020
Navarro,Texas,32.072,-96.163,16881,A,M,12/16/2020
Navarro,Texas,32.173957,-96.245254,16882,J,F,12/16/2020
Navarro,Texas,32.072,-96.163,16883,A,M,12/16/2020
Navarro,Texas,32.173957,-96.245254,16884,A,F,12/16/2020
Navarro,Texas,32.173957,-96.245254,16885,A,M,12/16/2020
Navarro,Texas,32.173957,-96.245254,16886,A,M,12/16/2020
Navarro,Texas,32.173957,-96.245254,16887,J,F,12/16/2020
Navarro,Texas,32.173957,-96.245254,16888,A,M,12/16/2020
Navarro,Texas,32.072,-96.163,16889,A,M,12/16/2020
Navarro,Texas,32.072,-96.163,16889,A,M,12/16/2020
Navarro,Texas,32.173957,-96.245254,16890,A,M,12/16/2020
Navarro,Texas,32.072,-96.163,16891,A,M,12/16/2020
Navarro,Texas,32.173957,-96.245254,16892,A,F,12/16/2020
Navarro,Texas,32.173957,-96.245254,16893,A,F,12/16/2020
Navarro,Texas,32.072,-96.163,16894,A,M,12/16/2020
Navarro,Texas,32.173957,-96.245254,16895,A,M,12/16/2020
Navarro,Texas,32.173957,-96.245254,16897,A,F,12/16/2020
Navarro,Texas,32.173957,-96.245254,16898,A,M,12/16/2020
Navarro,Texas,32.173957,-96.245254,16899,A,F,12/16/2020
Navarro,Texas,32.173957,-96.245254,16900,A,F,12/16/2020
Anderson,Texas,31.7,-95.823,17151,A,F,2/9/2022
Anderson,Texas,31.7,-95.823,17152,A,F,2/9/2022
Anderson,Texas,31.7,-95.823,17153,A,F,2/9/2022
Anderson,Texas,31.7,-95.823,17154,A,F,2/9/2022
Anderson,Texas,31.7,-95.823,17155,J,M,2/21/2022
Anderson,Texas,31.7,-95.823,17156,A,M,2/21/2022
Anderson,Texas,31.7,-95.823,17157,A,F,2/21/2022
Anderson,Texas,31.7,-95.823,17158,J,M,2/21/2022
Anderson,Texas,31.7,-95.823,17159,J,M,2/21/2022
Anderson,Texas,31.7,-95.823,17160,J,M,2/21/2022
Anderson,Texas,31.7,-95.823,17161,A,F,2/21/2022
Anderson,Texas,31.7,-95.823,17162,J,F,2/21/2022
Anderson,Texas,31.7,-95.823,17163,J,M,2/21/2022
Anderson,Texas,31.7,-95.823,17164,A,F,2/21/2022
Anderson,Texas,31.7,-95.823,17165,J,F,2/21/2022
Anderson,Texas,31.7,-95.823,17166,J,M,2/21/2022
Anderson,Texas,31.7,-95.823,17167,J,M,2/21/2022
Anderson,Texas,31.41219,-95.492941,17201,A,F,1/10/2023
Anderson,Texas,31.41219,-95.492941,17202,A,F,1/10/2023
Anderson,Texas,31.41219,-95.492941,17203,A,F,1/10/2023
Anderson,Texas,31.41219,-95.492941,17204,A,F,1/10/2023
Anderson,Texas,31.41219,-95.492941,17205,A,F,1/10/2023
Anderson,Texas,31.41219,-95.492941,17206,A,F,1/10/2023
Anderson,Texas,31.41219,-95.492941,17207,A,F,1/10/2023
Anderson,Texas,31.41219,-95.492941,17208,A,F,1/10/2023
Anderson,Texas,31.41219,-95.492941,17209,A,F,1/10/2023
Anderson,Texas,31.41219,-95.492941,17210,A,F,1/10/2023
Anderson,Texas,31.41219,-95.492941,17211,A,F,1/10/2023
Anderson,Texas,31.41219,-95.492941,17212,A,F,1/10/2023
Anderson,Texas,31.41219,-95.492941,17213,A,F,1/10/2023
Anderson,Texas,31.41219,-95.492941,17214,A,F,1/10/2023
Anderson,Texas,31.41219,-95.492941,17215,A,F,1/10/2023
Anderson,Texas,31.41219,-95.492941,17216,A,F,1/11/2023
Anderson,Texas,31.41219,-95.492941,17217,A,F,1/11/2023
Anderson,Texas,31.41219,-95.492941,17218,A,F,1/11/2023
Anderson,Texas,31.41219,-95.492941,17219,A,F,1/11/2023
Anderson,Texas,31.41219,-95.492941,17220,A,F,1/11/2023
Anderson,Texas,31.41219,-95.492941,17221,A,F,1/11/2023
Anderson,Texas,31.41219,-95.492941,17222,A,F,1/11/2023
Anderson,Texas,31.41219,-95.492941,17223,A,F,1/24/2026
Anderson,Texas,31.41219,-95.492941,17224,A,F,1/24/2029
Anderson,Texas,31.41219,-95.492941,17225,J,M,1/24/2032
Anderson,Texas,31.41219,-95.492941,17226,A,F,1/24/2035
Anderson,Texas,31.41219,-95.492941,17227,J,F,1/24/2044
Anderson,Texas,31.41219,-95.492941,17228,A,M,1/24/2047
Anderson,Texas,31.41219,-95.492941,17229,A,M,1/24/2050
Anderson,Texas,31.41219,-95.492941,17230,A,F,1/24/2053
Anderson,Texas,31.41219,-95.492941,17231,A,M,1/24/2041
Anderson,Texas,31.41219,-95.492941,17232,A,M,1/24/2038
Anderson,Texas,31.41219,-95.492941,17233,A,F,1/25/2023
Anderson,Texas,31.41219,-95.492941,17234,A,F,1/25/2023
Anderson,Texas,31.41219,-95.492941,17235,A,F,1/25/2023
Anderson,Texas,31.41219,-95.492941,17236,A,F,1/25/2023
Anderson,Texas,31.41219,-95.492941,17237,A,F,1/25/2023
Anderson,Texas,31.41219,-95.492941,17238,A,M,1/25/2023
Anderson,Texas,31.41219,-95.492941,17239,A,M,1/25/2023
Anderson,Texas,31.41219,-95.492941,17240,A,F,1/25/2023
Anderson,Texas,31.41219,-95.492941,17241,A,F,1/25/2023
Anderson,Texas,31.41219,-95.492941,17242,A,F,1/25/2023
Anderson,Texas,31.41219,-95.492941,17243,A,F,1/25/2023
Anderson,Texas,31.41219,-95.492941,17244,A,F,1/25/2023
Anderson,Texas,31.41219,-95.492941,17245,A,F,1/25/2023
Anderson,Texas,31.41219,-95.492941,17246,A,F,1/25/2023
Navarro,Texas,32.016,-96.079,17251,A,F,2/10/2022
Navarro,Texas,32.016,-96.079,17252,A,F,2/10/2022
Navarro,Texas,32.016,-96.079,17253,J,F,2/10/2022
Anderson,Texas,31.7,-95.823,17254,A,F,2/9/2022
Anderson,Texas,31.7,-95.823,17255,A,F,2/9/2022
Anderson,Texas,31.7,-95.823,17256,A,F,2/9/2022
Anderson,Texas,31.7,-95.823,17257,J,F,2/9/2022
Anderson,Texas,31.7,-95.823,17258,A,F,2/9/2022
Anderson,Texas,31.7,-95.823,17259,A,F,2/9/2022
Anderson,Texas,31.7,-95.823,17260,A,F,2/9/2022
Anderson,Texas,31.7,-95.823,17261,A,F,2/9/2022
Anderson,Texas,31.7,-95.823,17264,A,F,2/9/2022
Anderson,Texas,31.7,-95.823,17266,A,F,2/9/2022
Anderson,Texas,31.7,-95.823,17267,A,F,2/8/2022
Anderson,Texas,31.7,-95.823,17268,A,F,2/8/2022
Anderson,Texas,31.7,-95.823,17269,A,F,2/8/2022
Anderson,Texas,31.7,-95.823,17270,A,F,2/8/2022
Anderson,Texas,31.7,-95.823,17271,J,F,2/7/2022
Anderson,Texas,31.7,-95.823,17272,J,M,2/7/2022
Anderson,Texas,31.7,-95.823,17273,J,F,2/7/2022
Anderson,Texas,31.7,-95.823,17274,J,M,2/7/2022
Anderson,Texas,31.7,-95.823,17275,A,F,2/7/2022
Anderson,Texas,31.7,-95.823,17276,J,F,2/7/2022
Anderson,Texas,31.7,-95.823,17277,A,F,2/8/2022
Anderson,Texas,31.7,-95.823,17278,J,F,2/8/2022
Anderson,Texas,31.7,-95.823,17279,J,F,2/8/2022
Anderson,Texas,31.7,-95.823,17280,J,F,2/8/2022
Anderson,Texas,31.7,-95.823,17281,J,F,2/8/2022
Anderson,Texas,31.7,-95.823,17282,A,F,2/7/2022
Anderson,Texas,31.7,-95.823,17283,J,F,2/8/2022
Anderson,Texas,31.968,-95.887,17284,A,F,2/1/2022
Anderson,Texas,31.968,-95.887,17285,J,M,2/1/2022
Anderson,Texas,31.968,-95.887,17287,A,F,2/1/2022
Anderson,Texas,31.968,-95.887,17288,A,F,2/1/2022
Anderson,Texas,31.968,-95.887,17289,A,F,2/1/2022
Anderson,Texas,31.968,-95.887,17290,J,F,2/1/2022
Anderson,Texas,31.968,-95.887,17291,J,F,2/1/2022
Anderson,Texas,31.968,-95.887,17293,J,F,2/1/2022
Anderson,Texas,31.968,-95.887,17294,J,M,2/1/2022
Freestone,Texas,31.564504,-96.053894,17295,J,M,1/27/2022
Freestone,Texas,31.564504,-96.053894,17296,J,M,1/27/2022
Freestone,Texas,31.564504,-96.053894,17297,J,M,1/27/2022
Navarro,Texas,32.072,-96.163,17298,J,M,1/27/2022
Navarro,Texas,32.072,-96.163,17299,J,M,1/27/2022
Freestone,Texas,31.564504,-96.053894,17300,J,M,1/27/2022
Navarro,Texas,32.072,-96.163,17301,J,F,1/11/2021
Navarro,Texas,32.072,-96.163,17302,J,F,1/11/2021
Navarro,Texas,32.072,-96.163,17303,J,F,1/11/2021
Navarro,Texas,32.072,-96.163,17304,J,F,1/11/2021
Navarro,Texas,32.072,-96.163,17305,J,M,1/11/2021
Navarro,Texas,32.072,-96.163,17306,J,F,1/11/2021
Navarro,Texas,32.016,-96.079,17343,A,F,3/11/2021
Navarro,Texas,32.016,-96.079,17344,A,F,3/11/2021
Navarro,Texas,32.016,-96.079,17345,A,F,3/11/2021
Navarro,Texas,32.016,-96.079,17346,J,M,3/11/2021
Navarro,Texas,32.016,-96.079,17347,A,F,3/11/2021
Navarro,Texas,32.016,-96.079,17348,A,F,3/11/2021
Navarro,Texas,32.02496,-96.37589,17351,A,M,2/4/2019
Navarro,Texas,32.02496,-96.37589,17352,A,M,2/4/2019
Navarro,Texas,32.02496,-96.37589,17353,A,F,2/4/2019
Navarro,Texas,32.02496,-96.37589,17354,A,F,2/4/2019
Freestone,Texas,31.564504,-96.053894,17560,A,F,1/26/2022
Navarro,Texas,32.016,-96.079,17576,A,F,1/26/2022
Navarro,Texas,32.016,-96.079,17577,A,F,1/26/2022
Navarro,Texas,32.016,-96.079,17578,A,F,1/26/2022
Navarro,Texas,32.016,-96.079,17579,A,F,1/26/2022
Navarro,Texas,32.016,-96.079,17580,A,F,1/26/2022
Navarro,Texas,32.016,-96.079,17581,A,F,1/26/2022
Navarro,Texas,32.016,-96.079,17582,A,F,1/26/2022
Navarro,Texas,32.016,-96.079,17583,A,F,1/26/2022
Navarro,Texas,32.016,-96.079,17584,A,F,1/26/2022
Navarro,Texas,32.016,-96.079,17585,A,F,1/26/2022
Navarro,Texas,32.016,-96.079,17586,A,F,1/26/2022
Navarro,Texas,32.016,-96.079,17587,J,F,1/26/2022
Navarro,Texas,32.016,-96.079,17588,A,F,1/26/2022
Navarro,Texas,32.016,-96.079,17589,A,F,1/26/2022
Navarro,Texas,32.016,-96.079,17590,A,F,1/26/2022
Navarro,Texas,32.016,-96.079,17591,J,F,1/26/2022
Navarro,Texas,32.016,-96.079,17592,A,F,1/26/2022
Navarro,Texas,32.016,-96.079,17593,J,F,1/26/2022
Freestone,Texas,31.564504,-96.053894,17594,A,F,1/26/2022
Freestone,Texas,31.564504,-96.053894,17595,J,F,1/26/2022
Freestone,Texas,31.564504,-96.053894,17596,J,F,1/26/2022
Freestone,Texas,31.564504,-96.053894,17597,A,F,1/26/2022
Freestone,Texas,31.564504,-96.053894,17598,A,F,1/26/2022
Freestone,Texas,31.564504,-96.053894,17599,J,F,1/26/2022
Freestone,Texas,31.564504,-96.053894,17651,A,F,1/27/2022
Freestone,Texas,31.564504,-96.053894,17653,J,M,1/27/2022
Navarro,Texas,32.072,-96.163,17654,J,M,1/27/2022
Freestone,Texas,32.016,-96.079,17655,J,M,1/27/2022
Navarro,Texas,32.016,-96.079,17656,A,F,1/27/2022
Navarro,Texas,32.016,-96.079,17657,J,M,1/27/2022
Navarro,Texas,32.016,-96.079,17658,J,M,1/27/2022
Navarro,Texas,32.016,-96.079,17659,J,M,1/27/2022
Navarro,Texas,32.016,-96.079,17660,J,M,1/27/2022
Navarro,Texas,32.016,-96.079,17661,J,M,1/27/2022
Navarro,Texas,32.016,-96.079,17662,J,M,1/27/2022
Navarro,Texas,32.016,-96.079,17663,J,M,1/27/2022
Freestone,Texas,31.564504,-96.053894,17664,A,F,1/26/2022
Freestone,Texas,31.564504,-96.053894,17665,J,F,1/26/2022
Freestone,Texas,31.564504,-96.053894,17666,J,F,1/26/2022
Freestone,Texas,31.564504,-96.053894,17667,A,F,1/26/2022
Freestone,Texas,31.564504,-96.053894,17668,A,F,1/26/2022
Freestone,Texas,31.564504,-96.053894,17669,J,F,1/26/2022
Freestone,Texas,31.564504,-96.053894,17670,J,F,1/26/2022
Freestone,Texas,31.564504,-96.053894,17671,A,F,1/26/2022
Freestone,Texas,31.564504,-96.053894,17672,A,F,1/26/2022
Freestone,Texas,31.564504,-96.053894,17673,A,F,1/26/2022
Freestone,Texas,31.564504,-96.053894,17674,A,F,1/26/2022
Freestone,Texas,31.564504,-96.053894,17675,A,F,1/26/2022
Freestone,Texas,31.564504,-96.053894,17676,A,F,1/26/2022
Freestone,Texas,31.564504,-96.053894,17677,J,F,1/26/2022
Freestone,Texas,31.564504,-96.053894,17678,J,F,1/26/2022
Freestone,Texas,31.564504,-96.053894,17679,J,F,1/26/2022
Freestone,Texas,31.564504,-96.053894,17680,A,F,1/26/2022
Freestone,Texas,31.564504,-96.053894,17681,J,F,1/26/2022
Freestone,Texas,31.564504,-96.053894,17682,A,F,1/26/2022
Freestone,Texas,31.564504,-96.053894,17683,A,F,1/26/2022
Anderson,Texas,31.968,-95.887,17684,A,M,1/20/2022
Anderson,Texas,31.968,-95.887,17685,A,M,1/20/2022
Anderson,Texas,31.968,-95.887,17686,A,M,1/20/2022
Anderson,Texas,31.968,-95.887,17687,A,M,1/20/2022
Navarro,Texas,32.173957,-96.245254,17840,A,F,1/7/2021
Navarro,Texas,32.173957,-96.245254,17841,A,F,1/7/2021
Navarro,Texas,32.173957,-96.245254,17842,A,F,1/7/2021
Navarro,Texas,32.173957,-96.245254,17843,A,F,1/7/2021
Navarro,Texas,32.173957,-96.245254,17844,A,F,1/7/2021
Navarro,Texas,32.173957,-96.245254,17845,A,F,1/7/2021
Navarro,Texas,32.173957,-96.245254,17846,A,F,1/7/2021
Navarro,Texas,32.016,-96.079,17847,A,M,1/13/2021
Navarro,Texas,32.016,-96.079,17849,A,M,1/13/2021
Navarro,Texas,32.016,-96.079,17850,A,M,1/13/2021
Navarro,Texas,32.072,-96.163,17928,J,M,1/27/2022
Navarro,Texas,32.072,-96.163,18231,J,M,1/15/2021
Navarro,Texas,32.072,-96.163,18232,J,F,1/15/2021
Navarro,Texas,32.072,-96.163,18233,A,F,1/15/2021
Navarro,Texas,32.072,-96.163,18234,A,F,1/15/2021
Navarro,Texas,32.072,-96.163,18235,A,F,1/15/2021
Navarro,Texas,32.072,-96.163,18236,J,M,1/15/2021
Navarro,Texas,32.072,-96.163,18237,A,F,1/15/2021
Navarro,Texas,32.072,-96.163,18238,J,F,1/15/2021
Navarro,Texas,32.072,-96.163,18239,J,F,1/15/2021
Navarro,Texas,32.072,-96.163,18240,A,F,1/15/2021
Navarro,Texas,32.016,-96.079,18241,J,M,1/15/2021
Navarro,Texas,32.016,-96.079,18242,J,M,1/15/2021
Navarro,Texas,32.016,-96.079,18243,J,M,1/15/2021
Navarro,Texas,32.016,-96.079,18244,J,M,1/15/2021
Navarro,Texas,32.016,-96.079,18245,J,M,1/15/2021
Navarro,Texas,32.072,-96.163,18246,J,M,1/15/2021
Navarro,Texas,32.016,-96.079,18247,A,M,1/15/2021
Navarro,Texas,32.016,-96.079,18248,A,M,1/15/2021
Navarro,Texas,32.072,-96.163,18249,A,F,1/15/2021
Navarro,Texas,32.072,-96.163,18250,A,F,1/15/2021
Navarro,Texas,32.072,-96.163,18270,A,F,1/13/2021
Navarro,Texas,32.072,-96.163,18271,J,M,1/13/2021
Navarro,Texas,32.016,-96.079,18272,A,F,1/13/2021
Navarro,Texas,32.016,-96.079,18273,A,M,1/13/2021
Navarro,Texas,32.016,-96.079,18274,A,M,1/13/2021
Navarro,Texas,32.173957,-96.245254,18275,A,F,1/13/2021
Navarro,Texas,32.173957,-96.245254,18276,A,F,1/13/2021
Navarro,Texas,32.072,-96.163,18277,A,F,1/13/2021
Navarro,Texas,32.016,-96.079,18278,J,M,1/13/2021
Navarro,Texas,32.173957,-96.245254,18279,A,F,1/13/2021
Navarro,Texas,32.072,-96.163,18280,A,F,1/13/2021
Navarro,Texas,32.016,-96.079,18281,J,M,1/13/2021
Navarro,Texas,32.072,-96.163,18282,A,F,1/13/2021
Navarro,Texas,32.072,-96.163,18283,J,M,1/13/2021
Navarro,Texas,32.016,-96.079,18284,J,M,1/13/2021
Navarro,Texas,32.072,-96.163,18285,A,M,1/13/2021
Navarro,Texas,32.016,-96.079,18286,A,M,1/13/2021
Navarro,Texas,32.016,-96.079,18287,J,M,1/13/2021
Navarro,Texas,32.173957,-96.245254,18288,J,M,1/13/2021
Navarro,Texas,32.173957,-96.245254,18289,J,M,1/13/2021
Navarro,Texas,32.072,-96.163,18290,A,F,1/15/2021
Navarro,Texas,32.072,-96.163,18291,A,F,1/15/2021
Navarro,Texas,32.072,-96.163,18292,A,F,1/15/2021
Navarro,Texas,32.072,-96.163,18293,A,F,1/15/2021
Navarro,Texas,32.072,-96.163,18294,J,F,1/15/2021
Navarro,Texas,32.072,-96.163,18295,A,F,1/15/2021
Navarro,Texas,32.072,-96.163,18296,A,F,1/15/2021
Navarro,Texas,32.072,-96.163,18297,A,F,1/15/2021
Navarro,Texas,32.072,-96.163,18298,A,F,1/15/2021
Navarro,Texas,32.072,-96.163,18299,A,F,1/15/2021
Navarro,Texas,32.072,-96.163,18300,A,F,1/15/2021
Navarro,Texas,32.173957,-96.245254,18401,A,F,12/18/2019
Navarro,Texas,32.173957,-96.245254,18402,A,F,12/18/2019
Navarro,Texas,32.173957,-96.245254,18403,A,F,12/18/2019
Navarro,Texas,32.173957,-96.245254,18404,J,M,12/18/2019
Navarro,Texas,32.173957,-96.245254,18406,J,M,12/18/2019
Navarro,Texas,32.173957,-96.245254,18407,J,M,12/18/2019
Navarro,Texas,32.173957,-96.245254,18408,J,M,12/18/2019
Navarro,Texas,32.173957,-96.245254,18409,J,F,12/18/2019
Navarro,Texas,32.173957,-96.245254,18410,A,F,12/18/2019
Navarro,Texas,32.173957,-96.245254,18411,A,F,12/18/2019
Navarro,Texas,32.173957,-96.245254,18412,A,F,12/19/2019
Navarro,Texas,32.173957,-96.245254,18413,A,F,12/19/2019
Navarro,Texas,32.173957,-96.245254,18414,A,F,12/19/2019
Navarro,Texas,32.173957,-96.245254,18415,A,F,12/19/2019
Navarro,Texas,32.173957,-96.245254,18416,J,M,12/19/2019
Navarro,Texas,32.173957,-96.245254,18417,J,M,12/19/2019
Navarro,Texas,32.173957,-96.245254,18418,A,F,12/19/2019
Navarro,Texas,32.173957,-96.245254,18419,A,F,12/19/2019
Navarro,Texas,32.173957,-96.245254,18420,A,F,12/19/2019
Navarro,Texas,32.173957,-96.245254,18421,J,F,1/8/2020
Navarro,Texas,32.173957,-96.245254,18422,A,F,1/8/2020
Navarro,Texas,32.173957,-96.245254,18423,A,F,1/8/2020
Navarro,Texas,32.173957,-96.245254,18424,A,F,1/8/2020
Navarro,Texas,32.173957,-96.245254,18425,A,F,1/8/2020
Navarro,Texas,32.173957,-96.245254,18426,J,F,1/8/2020
Navarro,Texas,32.173957,-96.245254,18427,A,F,1/8/2020
Navarro,Texas,32.173957,-96.245254,18428,A,F,1/9/2020
Navarro,Texas,32.072,-96.163,18498,A,F,1/13/2021
Anderson,Maine,31.444884,-95.23502,18574,J,F,3/3/2022
Anderson,Maine,31.444884,-95.23502,18581,A,F,3/3/2022
Anderson,Maine,31.444884,-95.23502,18582,J,F,3/3/2022
Navarro,Texas,32.016,-96.079,18651,A,F,12/2/2020
Navarro,Texas,32.016,-96.079,18652,J,F,12/2/2020
Navarro,Texas,32.016,-96.079,18653,A,M,12/2/2020
Navarro,Texas,32.016,-96.079,18654,A,F,12/2/2020
Navarro,Texas,32.016,-96.079,18655,J,F,12/2/2020
Navarro,Texas,32.016,-96.079,18656,A,F,12/2/2020
Navarro,Texas,32.016,-96.079,18657,A,F,12/2/2020
Navarro,Texas,32.016,-96.079,18658,A,F,12/2/2020
Navarro,Texas,32.016,-96.079,18659,A,F,12/2/2020
Navarro,Texas,32.016,-96.079,18660,A,F,12/2/2020
Navarro,Texas,32.016,-96.079,18661,A,F,12/2/2020
Navarro,Texas,32.016,-96.079,18662,J,F,12/2/2020
Navarro,Texas,32.016,-96.079,18663,A,F,12/2/2020
Navarro,Texas,32.016,-96.079,18664,A,F,12/2/2020
Navarro,Texas,32.016,-96.079,18665,J,M,12/2/2020
Navarro,Texas,32.016,-96.079,18666,J,F,12/2/2020
Navarro,Texas,32.016,-96.079,18667,A,F,12/2/2020
Navarro,Texas,32.016,-96.079,18668,A,F,12/2/2020
Navarro,Texas,32.016,-96.079,18669,A,M,12/2/2020
Navarro,Texas,32.016,-96.079,18670,A,F,12/2/2020
Navarro,Texas,32.016,-96.079,18671,A,F,12/2/2020
Navarro,Texas,32.016,-96.079,18672,A,F,12/2/2020
Navarro,Texas,32.016,-96.079,18673,A,M,12/2/2020
Navarro,Texas,32.016,-96.079,18674,A,F,12/2/2020
Navarro,Texas,32.016,-96.079,18675,J,F,12/2/2020
Navarro,Texas,32.016,-96.079,18676,A,M,12/2/2020
Navarro,Texas,32.016,-96.079,18677,A,F,12/2/2020
Navarro,Texas,32.016,-96.079,18678,J,F,1/7/2021
Navarro,Texas,32.016,-96.079,18679,J,F,1/7/2021
Navarro,Texas,32.016,-96.079,18680,A,F,1/7/2021
Navarro,Texas,32.016,-96.079,18681,J,F,1/7/2021
Navarro,Texas,32.016,-96.079,18682,A,F,1/7/2021
Navarro,Texas,32.016,-96.079,18683,A,F,1/7/2021
Navarro,Texas,32.016,-96.079,18684,A,F,1/7/2021
Navarro,Texas,32.016,-96.079,18685,J,F,1/7/2021
Navarro,Texas,32.016,-96.079,18686,J,M,1/7/2021
Navarro,Texas,32.016,-96.079,18687,J,M,1/7/2021
Navarro,Texas,32.016,-96.079,18688,J,M,1/7/2021
Navarro,Texas,32.016,-96.079,18689,J,M,1/7/2021
Navarro,Texas,32.016,-96.079,18690,J,M,1/7/2021
Navarro,Texas,32.016,-96.079,18691,J,M,1/7/2021
Navarro,Texas,32.016,-96.079,18692,J,M,1/7/2021
Navarro,Texas,32.016,-96.079,18693,A,M,1/7/2021
Navarro,Texas,32.072,-96.163,18694,J,M,1/11/2021
Navarro,Texas,32.072,-96.163,18695,J,M,1/11/2021
Navarro,Texas,32.072,-96.163,18696,J,F,1/11/2021
Navarro,Texas,32.072,-96.163,18697,J,F,1/11/2021
Navarro,Texas,32.072,-96.163,18698,J,F,1/11/2021
Navarro,Texas,32.072,-96.163,18699,A,F,1/11/2021
Navarro,Texas,32.072,-96.163,18700,J,F,1/11/2021
Navarro,Texas,32.016,-96.079,18701,A,F,1/5/2022
Navarro,Texas,32.016,-96.079,18702,A,F,1/5/2022
Navarro,Texas,32.016,-96.079,18703,A,F,1/5/2022
Navarro,Texas,32.016,-96.079,18704,A,F,1/5/2022
Navarro,Texas,32.016,-96.079,18705,A,F,1/5/2022
Navarro,Texas,32.016,-96.079,18706,A,F,1/5/2022
Navarro,Texas,32.016,-96.079,18707,A,F,1/5/2022
Freestone,Texas,31.936,-96.05,18708,A,F,2/10/2022
Freestone,Texas,31.936,-96.05,18709,A,F,2/10/2022
Navarro,Texas,32.016,-96.079,18710,J,F,1/10/2022
Freestone,Texas,31.936,-96.05,18711,A,F,2/10/2022
Freestone,Texas,31.936,-96.05,18712,A,F,2/10/2022
Anderson,Texas,31.7,-95.823,18713,A,F,2/10/2022
Anderson,Texas,31.7,-95.823,18714,A,F,2/10/2022
Anderson,Texas,31.7,-95.823,18715,A,F,2/10/2022
Anderson,Texas,31.7,-95.823,18716,A,F,2/10/2022
Anderson,Texas,31.7,-95.823,18717,J,F,2/10/2022
Leon,Texas,31.35142,-95.4359,18908,A,F,2/21/2023
Leon,Texas,31.35142,-95.4359,18909,A,F,2/21/2023
Leon,Texas,31.35142,-95.4359,18910,A,F,2/21/2023
Leon,Texas,31.35142,-95.4359,18911,A,F,2/28/2023
Leon,Texas,31.35142,-95.4359,18912,A,F,2/21/2023
Leon,Texas,31.35142,-95.4359,18913,A,F,2/21/2023
Leon,Texas,31.35142,-95.4359,18914,A,F,2/21/2023
Leon,Texas,31.35142,-95.4359,18915,A,F,2/21/2023
Leon,Texas,31.35142,-95.4359,18916,A,F,2/21/2023
Leon,Texas,31.35142,-95.4359,18917,A,F,2/21/2023
Leon,Texas,31.35142,-95.4359,18918,A,F,2/21/2023
Leon,Texas,31.35142,-95.4359,18919,A,F,2/21/2023
Leon,Texas,31.35142,-95.4359,18920,A,F,2/21/2023
Leon,Texas,31.35142,-95.4359,18921,A,F,2/21/2023
Leon,Texas,31.35142,-95.4359,18922,A,F,2/21/2023
Leon,Texas,31.35142,-95.4359,18923,A,F,2/22/2023
Leon,Texas,31.35142,-95.4359,18924,A,F,2/22/2023
Leon,Texas,31.35142,-95.4359,18925,A,M,2/22/2023
Leon,Texas,31.35142,-95.4359,18926,A,F,2/22/2023
Leon,Texas,31.35142,-95.4359,18927,A,F,2/22/2023
Leon,Texas,31.35142,-95.4359,18928,A,F,2/22/2023
Leon,Texas,31.35142,-95.4359,18929,A,F,2/22/2023
Leon,Texas,31.35142,-95.4359,18930,A,F,2/22/2023
Rusk,Missouri,,,8201,A,M,1/22/2014
Rusk,Missouri,,,8202,A,M,1/22/2014
Rusk,Missouri,,,8203,A,M,1/22/2014
Rusk,Missouri,,,8204,A,M,1/22/2014
Rusk,Missouri,,,8205,A,M,1/22/2014
Rusk,Missouri,,,8206,A,M,1/22/2014
Anderson,Missouri,,,8207,A,M,1/23/2014
Rusk,Alabama,,,8225,A,M,1/16/2014
Rusk,Alabama,,,8226,A,M,1/16/2014
Rusk,Alabama,,,8227,A,F,1/16/2014
Rusk,Alabama,,,8230,A,F,1/16/2014
Rusk,Alabama,,,8231,A,F,1/16/2014
Rusk,Alabama,,,8232,A,F,1/16/2014
Rusk,Alabama,,,8233,A,F,1/16/2014
Rusk,Alabama,,,8235,A,F,1/16/2014
Rusk,West Virginia,,,8451,J,M,1/23/2014
Rusk,West Virginia,,,8452,J,M,1/23/2014
Rusk,West Virginia,,,8453,J,M,1/23/2014
Rusk,West Virginia,,,8454,A,M,1/23/2014
Rusk,West Virginia,,,8455,A,M,1/23/2014
Rusk,West Virginia,,,8456,A,F,1/23/2014
Rusk,West Virginia,,,8457,J,M,1/23/2014
Rusk,West Virginia,,,8459,A,M,1/23/2014
Rusk,West Virginia,,,8460,A,M,1/23/2014
Rusk,West Virginia,,,8461,J,M,1/23/2014
Rusk,West Virginia,,,8462,J,M,1/23/2014
Rusk,West Virginia,,,8485,A,F,2/6/2014
Rusk,West Virginia,,,8494,A,F,2/6/2014
Rusk,West Virginia,,,8495,J,F,2/6/2014
Rusk,West Virginia,,,8499,A,F,2/6/2014
Rusk,South Carolina,,,9351,A,F,1/29/2014
Rusk,South Carolina,,,9352,A,F,1/29/2014
Rusk,South Carolina,,,9356,A,F,1/29/2014
Rusk,South Carolina,,,9358,J,F,1/29/2014
Rusk,South Carolina,,,9359,A,F,1/29/2014
Rusk,South Carolina,,,9360,A,F,1/29/2014
Rusk,South Carolina,,,9363,A,F,1/29/2014
Rusk,South Carolina,,,9364,J,F,1/29/2014
Rusk,Louisiana,,,10714,J,F,2/18/2014
,,,,,,,
